id,order_id,inventory_batch_id,quantity_tons
LINE-00001,ORD-00001,INV-00001,0.86
LINE-00002,ORD-00002,INV-00002,1.66
LINE-00003,ORD-00003,INV-00003,0.73
LINE-00004,ORD-00004,INV-00004,0.74
LINE-00005,ORD-00005,INV-00005,1.37
LINE-00006,ORD-00006,INV-00006,1.65
LINE-00007,ORD-00007,INV-00007,0.75
LINE-00008,ORD-00008,INV-00008,0.26
LINE-00009,ORD-00009,INV-00009,0.34
LINE-00010,ORD-00010,INV-00010,0.5
LINE-00011,ORD-00011,INV-00011,1.94
LINE-00012,ORD-00012,INV-00012,1.06
LINE-00013,ORD-00013,INV-00013,0.79
LINE-00014,ORD-00014,INV-00014,1.2
LINE-00015,ORD-00015,INV-00015,1.58
LINE-00016,ORD-00016,INV-00016,1.12
LINE-00017,ORD-00017,INV-00017,0.77
LINE-00018,ORD-00018,INV-00018,1.03
LINE-00019,ORD-00019,INV-00019,1.04
LINE-00020,ORD-00020,INV-00020,0.79
LINE-00021,ORD-00021,INV-00021,1.9
LINE-00022,ORD-00022,INV-00022,0.98
LINE-00023,ORD-00023,INV-00023,0.6
LINE-00024,ORD-00024,INV-00024,1.81
LINE-00025,ORD-00025,INV-00025,1.0
LINE-00026,ORD-00026,INV-00026,1.98
LINE-00027,ORD-00027,INV-00027,0.7
LINE-00028,ORD-00028,INV-00028,0.83
LINE-00029,ORD-00029,INV-00029,0.29
LINE-00030,ORD-00030,INV-00030,0.68
LINE-00031,ORD-00031,INV-00031,0.8
LINE-00032,ORD-00032,INV-00032,0.64
LINE-00033,ORD-00033,INV-00033,0.6
LINE-00034,ORD-00034,INV-00034,1.28
LINE-00035,ORD-00035,INV-00035,0.93
LINE-00036,ORD-00036,INV-00036,0.73
LINE-00037,ORD-00037,INV-00037,1.0
LINE-00038,ORD-00038,INV-00038,0.58
LINE-00039,ORD-00039,INV-00039,1.06
LINE-00040,ORD-00040,INV-00040,0.39
LINE-00041,ORD-00041,INV-00041,1.79
LINE-00042,ORD-00042,INV-00042,1.24
LINE-00043,ORD-00043,INV-00043,0.88
LINE-00044,ORD-00044,INV-00044,1.25
LINE-00045,ORD-00045,INV-00045,0.92
LINE-00046,ORD-00046,INV-00046,0.81
LINE-00047,ORD-00047,INV-00047,0.34
LINE-00048,ORD-00048,INV-00048,0.9
LINE-00049,ORD-00049,INV-00049,1.07
LINE-00050,ORD-00050,INV-00050,0.26
LINE-00051,ORD-00051,INV-00051,0.89
LINE-00052,ORD-00052,INV-00052,0.44
LINE-00053,ORD-00053,INV-00053,1.18
LINE-00054,ORD-00054,INV-00054,1.06
LINE-00055,ORD-00055,INV-00055,1.43
LINE-00056,ORD-00056,INV-00056,1.0
LINE-00057,ORD-00057,INV-00057,0.66
LINE-00058,ORD-00058,INV-00058,0.39
LINE-00059,ORD-00059,INV-00059,0.8
LINE-00060,ORD-00060,INV-00060,0.76
LINE-00061,ORD-00061,INV-00061,1.17
LINE-00062,ORD-00062,INV-00062,1.74
LINE-00063,ORD-00063,INV-00063,1.72
LINE-00064,ORD-00064,INV-00064,1.59
LINE-00065,ORD-00065,INV-00065,1.32
LINE-00066,ORD-00066,INV-00066,0.86
LINE-00067,ORD-00067,INV-00067,0.74
LINE-00068,ORD-00068,INV-00068,1.4
LINE-00069,ORD-00069,INV-00069,0.68
LINE-00070,ORD-00070,INV-00070,1.95
LINE-00071,ORD-00071,INV-00071,1.57
LINE-00072,ORD-00072,INV-00072,1.78
LINE-00073,ORD-00073,INV-00073,1.9
LINE-00074,ORD-00074,INV-00074,0.76
LINE-00075,ORD-00075,INV-00075,0.64
LINE-00076,ORD-00076,INV-00076,1.49
LINE-00077,ORD-00077,INV-00077,1.62
LINE-00078,ORD-00078,INV-00078,1.64
LINE-00079,ORD-00079,INV-00079,0.78
LINE-00080,ORD-00080,INV-00080,0.46
LINE-00081,ORD-00081,INV-00081,1.25
LINE-00082,ORD-00082,INV-00082,1.31
LINE-00083,ORD-00083,INV-00083,0.68
LINE-00084,ORD-00084,INV-00084,1.31
LINE-00085,ORD-00085,INV-00085,1.71
LINE-00086,ORD-00086,INV-00086,1.9
LINE-00087,ORD-00087,INV-00087,0.7
LINE-00088,ORD-00088,INV-00088,1.26
LINE-00089,ORD-00089,INV-00089,0.75
LINE-00090,ORD-00090,INV-00090,1.26
LINE-00091,ORD-00091,INV-00091,0.72
LINE-00092,ORD-00092,INV-00092,0.97
LINE-00093,ORD-00093,INV-00093,0.28
LINE-00094,ORD-00094,INV-00094,1.58
LINE-00095,ORD-00095,INV-00095,1.71
LINE-00096,ORD-00096,INV-00096,1.47
LINE-00097,ORD-00097,INV-00097,0.55
LINE-00098,ORD-00098,INV-00098,0.64
LINE-00099,ORD-00099,INV-00099,1.29
LINE-00100,ORD-00100,INV-00100,1.13
LINE-00101,ORD-00101,INV-00101,0.47
LINE-00102,ORD-00102,INV-00102,1.52
LINE-00103,ORD-00103,INV-00103,1.52
LINE-00104,ORD-00104,INV-00104,0.63
LINE-00105,ORD-00105,INV-00105,1.26
LINE-00106,ORD-00106,INV-00106,1.68
LINE-00107,ORD-00107,INV-00107,1.37
LINE-00108,ORD-00108,INV-00108,1.79
LINE-00109,ORD-00109,INV-00109,1.27
LINE-00110,ORD-00110,INV-00110,1.88
LINE-00111,ORD-00111,INV-00111,0.42
LINE-00112,ORD-00112,INV-00112,0.53
LINE-00113,ORD-00113,INV-00113,1.94
LINE-00114,ORD-00114,INV-00114,2.0
LINE-00115,ORD-00115,INV-00115,1.58
LINE-00116,ORD-00116,INV-00116,1.03
LINE-00117,ORD-00117,INV-00117,0.36
LINE-00118,ORD-00118,INV-00118,0.55
LINE-00119,ORD-00119,INV-00119,1.76
LINE-00120,ORD-00120,INV-00120,1.58
LINE-00121,ORD-00121,INV-00121,1.09
LINE-00122,ORD-00122,INV-00122,0.78
LINE-00123,ORD-00123,INV-00123,1.74
LINE-00124,ORD-00124,INV-00124,0.86
LINE-00125,ORD-00125,INV-00125,0.75
LINE-00126,ORD-00126,INV-00126,1.49
LINE-00127,ORD-00127,INV-00127,0.97
LINE-00128,ORD-00128,INV-00128,0.84
LINE-00129,ORD-00129,INV-00129,1.65
LINE-00130,ORD-00130,INV-00130,0.48
LINE-00131,ORD-00131,INV-00131,1.61
LINE-00132,ORD-00132,INV-00132,0.32
LINE-00133,ORD-00133,INV-00133,0.27
LINE-00134,ORD-00134,INV-00134,0.78
LINE-00135,ORD-00135,INV-00135,1.24
LINE-00136,ORD-00136,INV-00136,1.73
LINE-00137,ORD-00137,INV-00137,0.92
LINE-00138,ORD-00138,INV-00138,0.36
LINE-00139,ORD-00139,INV-00139,1.52
LINE-00140,ORD-00140,INV-00140,0.64
LINE-00141,ORD-00141,INV-00141,0.35
LINE-00142,ORD-00142,INV-00142,0.3
LINE-00143,ORD-00143,INV-00143,1.82
LINE-00144,ORD-00144,INV-00144,1.78
LINE-00145,ORD-00145,INV-00145,0.44
LINE-00146,ORD-00146,INV-00146,1.61
LINE-00147,ORD-00147,INV-00147,0.61
LINE-00148,ORD-00148,INV-00148,1.76
LINE-00149,ORD-00149,INV-00149,0.83
LINE-00150,ORD-00150,INV-00150,0.94
LINE-00151,ORD-00151,INV-00151,0.87
LINE-00152,ORD-00152,INV-00152,1.49
LINE-00153,ORD-00153,INV-00153,0.94
LINE-00154,ORD-00154,INV-00154,0.83
LINE-00155,ORD-00155,INV-00155,0.84
LINE-00156,ORD-00156,INV-00156,1.44
LINE-00157,ORD-00157,INV-00157,1.07
LINE-00158,ORD-00158,INV-00158,0.25
LINE-00159,ORD-00159,INV-00159,1.89
LINE-00160,ORD-00160,INV-00160,1.95
LINE-00161,ORD-00161,INV-00161,0.39
LINE-00162,ORD-00162,INV-00162,1.25
LINE-00163,ORD-00163,INV-00163,0.63
LINE-00164,ORD-00164,INV-00164,0.37
LINE-00165,ORD-00165,INV-00165,1.49
LINE-00166,ORD-00166,INV-00166,1.22
LINE-00167,ORD-00167,INV-00167,0.58
LINE-00168,ORD-00168,INV-00168,1.47
LINE-00169,ORD-00169,INV-00169,0.94
LINE-00170,ORD-00170,INV-00170,0.64
LINE-00171,ORD-00171,INV-00171,0.38
LINE-00172,ORD-00172,INV-00172,1.89
LINE-00173,ORD-00173,INV-00173,1.21
LINE-00174,ORD-00174,INV-00174,0.33
LINE-00175,ORD-00175,INV-00175,0.61
LINE-00176,ORD-00176,INV-00176,1.81
LINE-00177,ORD-00177,INV-00177,0.58
LINE-00178,ORD-00178,INV-00178,0.96
LINE-00179,ORD-00179,INV-00179,1.88
LINE-00180,ORD-00180,INV-00180,1.55
LINE-00181,ORD-00181,INV-00181,0.31
LINE-00182,ORD-00182,INV-00182,0.69
LINE-00183,ORD-00183,INV-00183,0.79
LINE-00184,ORD-00184,INV-00184,0.76
LINE-00185,ORD-00185,INV-00185,0.71
LINE-00186,ORD-00186,INV-00186,0.61
LINE-00187,ORD-00187,INV-00187,0.44
LINE-00188,ORD-00188,INV-00188,0.78
LINE-00189,ORD-00189,INV-00189,1.41
LINE-00190,ORD-00190,INV-00190,1.5
LINE-00191,ORD-00191,INV-00191,0.98
LINE-00192,ORD-00192,INV-00192,1.55
LINE-00193,ORD-00193,INV-00193,1.43
LINE-00194,ORD-00194,INV-00194,1.4
LINE-00195,ORD-00195,INV-00195,1.62
LINE-00196,ORD-00196,INV-00196,1.2
LINE-00197,ORD-00197,INV-00197,0.3
LINE-00198,ORD-00198,INV-00198,1.22
LINE-00199,ORD-00199,INV-00199,1.83
LINE-00200,ORD-00200,INV-00200,1.91
LINE-00201,ORD-00201,INV-00201,0.8
LINE-00202,ORD-00202,INV-00202,1.49
LINE-00203,ORD-00203,INV-00203,0.5
LINE-00204,ORD-00204,INV-00204,1.76
LINE-00205,ORD-00205,INV-00205,0.92
LINE-00206,ORD-00206,INV-00206,1.27
LINE-00207,ORD-00207,INV-00207,0.34
LINE-00208,ORD-00208,INV-00208,1.8
LINE-00209,ORD-00209,INV-00209,1.39
LINE-00210,ORD-00210,INV-00210,1.38
LINE-00211,ORD-00211,INV-00211,1.95
LINE-00212,ORD-00212,INV-00212,1.02
LINE-00213,ORD-00213,INV-00213,0.75
LINE-00214,ORD-00214,INV-00214,1.07
LINE-00215,ORD-00215,INV-00215,0.58
LINE-00216,ORD-00216,INV-00216,0.32
LINE-00217,ORD-00217,INV-00217,0.61
LINE-00218,ORD-00218,INV-00218,0.81
LINE-00219,ORD-00219,INV-00219,0.52
LINE-00220,ORD-00220,INV-00220,1.19
LINE-00221,ORD-00221,INV-00221,1.63
LINE-00222,ORD-00222,INV-00222,0.89
LINE-00223,ORD-00223,INV-00223,0.33
LINE-00224,ORD-00224,INV-00224,0.53
LINE-00225,ORD-00225,INV-00225,1.23
LINE-00226,ORD-00226,INV-00226,1.9
LINE-00227,ORD-00227,INV-00227,0.99
LINE-00228,ORD-00228,INV-00228,0.84
LINE-00229,ORD-00229,INV-00229,1.03
LINE-00230,ORD-00230,INV-00230,0.84
LINE-00231,ORD-00231,INV-00231,1.78
LINE-00232,ORD-00232,INV-00232,1.86
LINE-00233,ORD-00233,INV-00233,0.53
LINE-00234,ORD-00234,INV-00234,0.6
LINE-00235,ORD-00235,INV-00235,1.16
LINE-00236,ORD-00236,INV-00236,0.52
LINE-00237,ORD-00237,INV-00237,1.64
LINE-00238,ORD-00238,INV-00238,0.27
LINE-00239,ORD-00239,INV-00239,0.28
LINE-00240,ORD-00240,INV-00240,0.83
LINE-00241,ORD-00241,INV-00241,1.25
LINE-00242,ORD-00242,INV-00242,0.44
LINE-00243,ORD-00243,INV-00243,0.61
LINE-00244,ORD-00244,INV-00244,0.27
LINE-00245,ORD-00245,INV-00245,0.29
LINE-00246,ORD-00246,INV-00246,0.6
LINE-00247,ORD-00247,INV-00247,0.96
LINE-00248,ORD-00248,INV-00248,1.02
LINE-00249,ORD-00249,INV-00249,1.53
LINE-00250,ORD-00250,INV-00250,0.46
LINE-00251,ORD-00251,INV-00251,1.83
LINE-00252,ORD-00252,INV-00252,1.62
LINE-00253,ORD-00253,INV-00253,0.89
LINE-00254,ORD-00254,INV-00254,1.68
LINE-00255,ORD-00255,INV-00255,1.02
LINE-00256,ORD-00256,INV-00256,1.0
LINE-00257,ORD-00257,INV-00257,1.61
LINE-00258,ORD-00258,INV-00258,1.32
LINE-00259,ORD-00259,INV-00259,0.86
LINE-00260,ORD-00260,INV-00260,1.67
LINE-00261,ORD-00261,INV-00261,0.69
LINE-00262,ORD-00262,INV-00262,1.56
LINE-00263,ORD-00263,INV-00263,0.55
LINE-00264,ORD-00264,INV-00264,1.37
LINE-00265,ORD-00265,INV-00265,0.62
LINE-00266,ORD-00266,INV-00266,0.39
LINE-00267,ORD-00267,INV-00267,1.83
LINE-00268,ORD-00268,INV-00268,1.84
LINE-00269,ORD-00269,INV-00269,1.54
LINE-00270,ORD-00270,INV-00270,1.22
LINE-00271,ORD-00271,INV-00271,0.7
LINE-00272,ORD-00272,INV-00272,1.1
LINE-00273,ORD-00273,INV-00273,0.66
LINE-00274,ORD-00274,INV-00274,0.63
LINE-00275,ORD-00275,INV-00275,1.5
LINE-00276,ORD-00276,INV-00276,1.91
LINE-00277,ORD-00277,INV-00277,0.48
LINE-00278,ORD-00278,INV-00278,0.47
LINE-00279,ORD-00279,INV-00279,0.77
LINE-00280,ORD-00280,INV-00280,0.37
LINE-00281,ORD-00281,INV-00281,1.95
LINE-00282,ORD-00282,INV-00282,1.27
LINE-00283,ORD-00283,INV-00283,1.55
LINE-00284,ORD-00284,INV-00284,2.0
LINE-00285,ORD-00285,INV-00285,1.6
LINE-00286,ORD-00286,INV-00286,0.41
LINE-00287,ORD-00287,INV-00287,1.51
LINE-00288,ORD-00288,INV-00288,1.93
LINE-00289,ORD-00289,INV-00289,1.41
LINE-00290,ORD-00290,INV-00290,0.48
LINE-00291,ORD-00291,INV-00291,0.34
LINE-00292,ORD-00292,INV-00292,0.9
LINE-00293,ORD-00293,INV-00293,1.02
LINE-00294,ORD-00294,INV-00294,1.79
LINE-00295,ORD-00295,INV-00295,0.97
LINE-00296,ORD-00296,INV-00296,1.7
LINE-00297,ORD-00297,INV-00297,1.41
LINE-00298,ORD-00298,INV-00298,1.21
LINE-00299,ORD-00299,INV-00299,1.53
LINE-00300,ORD-00300,INV-00300,1.93
LINE-00301,ORD-00301,INV-00301,1.71
LINE-00302,ORD-00302,INV-00302,1.08
LINE-00303,ORD-00303,INV-00303,1.36
LINE-00304,ORD-00304,INV-00304,1.12
LINE-00305,ORD-00305,INV-00305,1.69
LINE-00306,ORD-00306,INV-00306,0.97
LINE-00307,ORD-00307,INV-00307,1.34
LINE-00308,ORD-00308,INV-00308,1.71
LINE-00309,ORD-00309,INV-00309,1.89
LINE-00310,ORD-00310,INV-00310,0.57
LINE-00311,ORD-00311,INV-00311,0.71
LINE-00312,ORD-00312,INV-00312,0.93
LINE-00313,ORD-00313,INV-00313,1.37
LINE-00314,ORD-00314,INV-00314,0.65
LINE-00315,ORD-00315,INV-00315,1.78
LINE-00316,ORD-00316,INV-00316,1.02
LINE-00317,ORD-00317,INV-00317,1.63
LINE-00318,ORD-00318,INV-00318,1.07
LINE-00319,ORD-00319,INV-00319,0.51
LINE-00320,ORD-00320,INV-00320,1.14
LINE-00321,ORD-00321,INV-00321,1.88
LINE-00322,ORD-00322,INV-00322,0.56
LINE-00323,ORD-00323,INV-00323,0.8
LINE-00324,ORD-00324,INV-00324,0.32
LINE-00325,ORD-00325,INV-00325,1.92
LINE-00326,ORD-00326,INV-00326,1.62
LINE-00327,ORD-00327,INV-00327,0.85
LINE-00328,ORD-00328,INV-00328,0.94
LINE-00329,ORD-00329,INV-00329,1.18
LINE-00330,ORD-00330,INV-00330,1.5
LINE-00331,ORD-00331,INV-00331,1.85
LINE-00332,ORD-00332,INV-00332,1.52
LINE-00333,ORD-00333,INV-00333,0.51
LINE-00334,ORD-00334,INV-00334,0.68
LINE-00335,ORD-00335,INV-00335,0.69
LINE-00336,ORD-00336,INV-00336,0.58
LINE-00337,ORD-00337,INV-00337,1.25
LINE-00338,ORD-00338,INV-00338,1.9
LINE-00339,ORD-00339,INV-00339,1.64
LINE-00340,ORD-00340,INV-00340,0.42
LINE-00341,ORD-00341,INV-00341,0.4
LINE-00342,ORD-00342,INV-00342,1.96
LINE-00343,ORD-00343,INV-00343,0.46
LINE-00344,ORD-00344,INV-00344,1.05
LINE-00345,ORD-00345,INV-00345,1.15
LINE-00346,ORD-00346,INV-00346,0.66
LINE-00347,ORD-00347,INV-00347,0.86
LINE-00348,ORD-00348,INV-00348,1.45
LINE-00349,ORD-00349,INV-00349,0.98
LINE-00350,ORD-00350,INV-00350,1.86
LINE-00351,ORD-00351,INV-00351,1.32
LINE-00352,ORD-00352,INV-00352,1.42
LINE-00353,ORD-00353,INV-00353,1.81
LINE-00354,ORD-00354,INV-00354,1.82
LINE-00355,ORD-00355,INV-00355,1.05
LINE-00356,ORD-00356,INV-00356,0.34
LINE-00357,ORD-00357,INV-00357,1.69
LINE-00358,ORD-00358,INV-00358,0.76
LINE-00359,ORD-00359,INV-00359,0.31
LINE-00360,ORD-00360,INV-00360,1.35
LINE-00361,ORD-00361,INV-00361,0.64
LINE-00362,ORD-00362,INV-00362,0.51
LINE-00363,ORD-00363,INV-00363,0.43
LINE-00364,ORD-00364,INV-00364,1.95
LINE-00365,ORD-00365,INV-00365,1.33
LINE-00366,ORD-00366,INV-00366,1.47
LINE-00367,ORD-00367,INV-00367,0.56
LINE-00368,ORD-00368,INV-00368,0.81
LINE-00369,ORD-00369,INV-00369,1.8
LINE-00370,ORD-00370,INV-00370,1.59
LINE-00371,ORD-00371,INV-00371,1.11
LINE-00372,ORD-00372,INV-00372,0.55
LINE-00373,ORD-00373,INV-00373,0.5
LINE-00374,ORD-00374,INV-00374,1.11
LINE-00375,ORD-00375,INV-00375,0.93
LINE-00376,ORD-00376,INV-00376,0.7
LINE-00377,ORD-00377,INV-00377,0.64
LINE-00378,ORD-00378,INV-00378,1.05
LINE-00379,ORD-00379,INV-00379,0.54
LINE-00380,ORD-00380,INV-00380,0.88
LINE-00381,ORD-00381,INV-00381,0.76
LINE-00382,ORD-00382,INV-00382,0.5
LINE-00383,ORD-00383,INV-00383,0.91
LINE-00384,ORD-00384,INV-00384,0.91
LINE-00385,ORD-00385,INV-00385,0.81
LINE-00386,ORD-00386,INV-00386,1.67
LINE-00387,ORD-00387,INV-00387,1.28
LINE-00388,ORD-00388,INV-00388,1.38
LINE-00389,ORD-00389,INV-00389,1.74
LINE-00390,ORD-00390,INV-00390,0.59
LINE-00391,ORD-00391,INV-00391,0.59
LINE-00392,ORD-00392,INV-00392,1.54
LINE-00393,ORD-00393,INV-00393,1.46
LINE-00394,ORD-00394,INV-00394,1.68
LINE-00395,ORD-00395,INV-00395,0.6
LINE-00396,ORD-00396,INV-00396,0.76
LINE-00397,ORD-00397,INV-00397,0.78
LINE-00398,ORD-00398,INV-00398,1.79
LINE-00399,ORD-00399,INV-00399,1.71
LINE-00400,ORD-00400,INV-00400,0.78
LINE-00401,ORD-00401,INV-00401,1.72
LINE-00402,ORD-00402,INV-00402,1.12
LINE-00403,ORD-00403,INV-00403,1.3
LINE-00404,ORD-00404,INV-00404,1.86
LINE-00405,ORD-00405,INV-00405,0.27
LINE-00406,ORD-00406,INV-00406,1.06
LINE-00407,ORD-00407,INV-00407,1.66
LINE-00408,ORD-00408,INV-00408,0.27
LINE-00409,ORD-00409,INV-00409,0.9
LINE-00410,ORD-00410,INV-00410,1.45
LINE-00411,ORD-00411,INV-00411,1.59
LINE-00412,ORD-00412,INV-00412,1.45
LINE-00413,ORD-00413,INV-00413,0.37
LINE-00414,ORD-00414,INV-00414,1.59
LINE-00415,ORD-00415,INV-00415,0.8
LINE-00416,ORD-00416,INV-00416,1.63
LINE-00417,ORD-00417,INV-00417,1.03
LINE-00418,ORD-00418,INV-00418,0.7
LINE-00419,ORD-00419,INV-00419,1.48
LINE-00420,ORD-00420,INV-00420,0.57
LINE-00421,ORD-00421,INV-00421,1.0
LINE-00422,ORD-00422,INV-00422,1.4
LINE-00423,ORD-00423,INV-00423,0.53
LINE-00424,ORD-00424,INV-00424,1.79
LINE-00425,ORD-00425,INV-00425,1.55
LINE-00426,ORD-00426,INV-00426,0.97
LINE-00427,ORD-00427,INV-00427,0.72
LINE-00428,ORD-00428,INV-00428,1.04
LINE-00429,ORD-00429,INV-00429,1.12
LINE-00430,ORD-00430,INV-00430,0.81
LINE-00431,ORD-00431,INV-00431,0.55
LINE-00432,ORD-00432,INV-00432,1.85
LINE-00433,ORD-00433,INV-00433,1.24
LINE-00434,ORD-00434,INV-00434,0.28
LINE-00435,ORD-00435,INV-00435,0.39
LINE-00436,ORD-00436,INV-00436,0.95
LINE-00437,ORD-00437,INV-00437,1.2
LINE-00438,ORD-00438,INV-00438,0.5
LINE-00439,ORD-00439,INV-00439,1.31
LINE-00440,ORD-00440,INV-00440,0.3
LINE-00441,ORD-00441,INV-00441,0.9
LINE-00442,ORD-00442,INV-00442,1.52
LINE-00443,ORD-00443,INV-00443,0.53
LINE-00444,ORD-00444,INV-00444,1.29
LINE-00445,ORD-00445,INV-00445,0.45
LINE-00446,ORD-00446,INV-00446,0.81
LINE-00447,ORD-00447,INV-00447,1.76
LINE-00448,ORD-00448,INV-00448,1.88
LINE-00449,ORD-00449,INV-00449,0.97
LINE-00450,ORD-00450,INV-00450,0.32
LINE-00451,ORD-00451,INV-00451,1.28
LINE-00452,ORD-00452,INV-00452,0.8
LINE-00453,ORD-00453,INV-00453,1.41
LINE-00454,ORD-00454,INV-00454,1.27
LINE-00455,ORD-00455,INV-00455,0.66
LINE-00456,ORD-00456,INV-00456,0.68
LINE-00457,ORD-00457,INV-00457,1.42
LINE-00458,ORD-00458,INV-00458,1.67
LINE-00459,ORD-00459,INV-00459,1.38
LINE-00460,ORD-00460,INV-00460,0.55
LINE-00461,ORD-00461,INV-00461,1.34
LINE-00462,ORD-00462,INV-00462,0.77
LINE-00463,ORD-00463,INV-00463,1.59
LINE-00464,ORD-00464,INV-00464,0.56
LINE-00465,ORD-00465,INV-00465,1.01
LINE-00466,ORD-00466,INV-00466,0.38
LINE-00467,ORD-00467,INV-00467,1.41
LINE-00468,ORD-00468,INV-00468,1.34
LINE-00469,ORD-00469,INV-00469,0.3
LINE-00470,ORD-00470,INV-00470,1.42
LINE-00471,ORD-00471,INV-00471,0.84
LINE-00472,ORD-00472,INV-00472,0.59
LINE-00473,ORD-00473,INV-00473,1.52
LINE-00474,ORD-00474,INV-00474,0.64
LINE-00475,ORD-00475,INV-00475,1.19
LINE-00476,ORD-00476,INV-00476,1.74
LINE-00477,ORD-00477,INV-00477,0.33
LINE-00478,ORD-00478,INV-00478,1.25
LINE-00479,ORD-00479,INV-00479,1.74
LINE-00480,ORD-00480,INV-00480,0.64
LINE-00481,ORD-00481,INV-00481,1.75
LINE-00482,ORD-00482,INV-00482,0.36
LINE-00483,ORD-00483,INV-00483,1.37
LINE-00484,ORD-00484,INV-00484,0.56
LINE-00485,ORD-00485,INV-00485,0.52
LINE-00486,ORD-00486,INV-00486,1.91
LINE-00487,ORD-00487,INV-00487,0.55
LINE-00488,ORD-00488,INV-00488,0.38
LINE-00489,ORD-00489,INV-00489,1.56
LINE-00490,ORD-00490,INV-00490,1.14
LINE-00491,ORD-00491,INV-00491,1.85
LINE-00492,ORD-00492,INV-00492,0.45
LINE-00493,ORD-00493,INV-00493,0.9
LINE-00494,ORD-00494,INV-00494,0.52
LINE-00495,ORD-00495,INV-00495,1.01
LINE-00496,ORD-00496,INV-00496,0.98
LINE-00497,ORD-00497,INV-00497,1.12
LINE-00498,ORD-00498,INV-00498,0.95
LINE-00499,ORD-00499,INV-00499,1.81
LINE-00500,ORD-00500,INV-00500,0.43
LINE-00501,ORD-00501,INV-00501,1.27
LINE-00502,ORD-00502,INV-00502,1.18
LINE-00503,ORD-00503,INV-00503,0.71
LINE-00504,ORD-00504,INV-00504,1.19
LINE-00505,ORD-00505,INV-00505,0.93
LINE-00506,ORD-00506,INV-00506,1.98
LINE-00507,ORD-00507,INV-00507,1.56
LINE-00508,ORD-00508,INV-00508,1.72
LINE-00509,ORD-00509,INV-00509,1.43
LINE-00510,ORD-00510,INV-00510,0.32
LINE-00511,ORD-00511,INV-00511,0.93
LINE-00512,ORD-00512,INV-00512,1.25
LINE-00513,ORD-00513,INV-00513,1.13
LINE-00514,ORD-00514,INV-00514,1.88
LINE-00515,ORD-00515,INV-00515,1.02
LINE-00516,ORD-00516,INV-00516,1.17
LINE-00517,ORD-00517,INV-00517,0.68
LINE-00518,ORD-00518,INV-00518,0.8
LINE-00519,ORD-00519,INV-00519,0.82
LINE-00520,ORD-00520,INV-00520,1.54
LINE-00521,ORD-00521,INV-00521,0.93
LINE-00522,ORD-00522,INV-00522,0.95
LINE-00523,ORD-00523,INV-00523,1.91
LINE-00524,ORD-00524,INV-00524,0.95
LINE-00525,ORD-00525,INV-00525,0.79
LINE-00526,ORD-00526,INV-00526,1.55
LINE-00527,ORD-00527,INV-00527,1.29
LINE-00528,ORD-00528,INV-00528,1.52
LINE-00529,ORD-00529,INV-00529,0.63
LINE-00530,ORD-00530,INV-00530,1.4
LINE-00531,ORD-00531,INV-00531,0.45
LINE-00532,ORD-00532,INV-00532,0.5
LINE-00533,ORD-00533,INV-00533,1.88
LINE-00534,ORD-00534,INV-00534,1.67
LINE-00535,ORD-00535,INV-00535,0.56
LINE-00536,ORD-00536,INV-00536,0.59
LINE-00537,ORD-00537,INV-00537,0.28
LINE-00538,ORD-00538,INV-00538,1.46
LINE-00539,ORD-00539,INV-00539,0.33
LINE-00540,ORD-00540,INV-00540,0.54
LINE-00541,ORD-00541,INV-00541,0.69
LINE-00542,ORD-00542,INV-00542,0.63
LINE-00543,ORD-00543,INV-00543,1.95
LINE-00544,ORD-00544,INV-00544,0.74
LINE-00545,ORD-00545,INV-00545,1.1
LINE-00546,ORD-00546,INV-00546,1.14
LINE-00547,ORD-00547,INV-00547,1.79
LINE-00548,ORD-00548,INV-00548,1.6
LINE-00549,ORD-00549,INV-00549,1.48
LINE-00550,ORD-00550,INV-00550,0.45
LINE-00551,ORD-00551,INV-00551,1.07
LINE-00552,ORD-00552,INV-00552,1.33
LINE-00553,ORD-00553,INV-00553,0.52
LINE-00554,ORD-00554,INV-00554,1.58
LINE-00555,ORD-00555,INV-00555,1.28
LINE-00556,ORD-00556,INV-00556,1.29
LINE-00557,ORD-00557,INV-00557,1.32
LINE-00558,ORD-00558,INV-00558,1.26
LINE-00559,ORD-00559,INV-00559,1.17
LINE-00560,ORD-00560,INV-00560,1.39
LINE-00561,ORD-00561,INV-00561,1.15
LINE-00562,ORD-00562,INV-00562,0.6
LINE-00563,ORD-00563,INV-00563,1.54
LINE-00564,ORD-00564,INV-00564,0.28
LINE-00565,ORD-00565,INV-00565,0.63
LINE-00566,ORD-00566,INV-00566,1.01
LINE-00567,ORD-00567,INV-00567,0.97
LINE-00568,ORD-00568,INV-00568,1.54
LINE-00569,ORD-00569,INV-00569,1.55
LINE-00570,ORD-00570,INV-00570,1.49
LINE-00571,ORD-00571,INV-00571,0.36
LINE-00572,ORD-00572,INV-00572,0.86
LINE-00573,ORD-00573,INV-00573,0.59
LINE-00574,ORD-00574,INV-00574,0.53
LINE-00575,ORD-00575,INV-00575,0.84
LINE-00576,ORD-00576,INV-00576,1.2
LINE-00577,ORD-00577,INV-00577,0.58
LINE-00578,ORD-00578,INV-00578,0.42
LINE-00579,ORD-00579,INV-00579,0.81
LINE-00580,ORD-00580,INV-00580,0.33
LINE-00581,ORD-00581,INV-00581,1.67
LINE-00582,ORD-00582,INV-00582,0.72
LINE-00583,ORD-00583,INV-00583,1.8
LINE-00584,ORD-00584,INV-00584,1.82
LINE-00585,ORD-00585,INV-00585,1.21
LINE-00586,ORD-00586,INV-00586,0.25
LINE-00587,ORD-00587,INV-00587,0.87
LINE-00588,ORD-00588,INV-00588,1.46
LINE-00589,ORD-00589,INV-00589,1.87
LINE-00590,ORD-00590,INV-00590,1.72
LINE-00591,ORD-00591,INV-00591,1.33
LINE-00592,ORD-00592,INV-00592,1.4
LINE-00593,ORD-00593,INV-00593,1.24
LINE-00594,ORD-00594,INV-00594,1.32
LINE-00595,ORD-00595,INV-00595,0.35
LINE-00596,ORD-00596,INV-00596,0.95
LINE-00597,ORD-00597,INV-00597,1.47
LINE-00598,ORD-00598,INV-00598,0.54
LINE-00599,ORD-00599,INV-00599,1.05
LINE-00600,ORD-00600,INV-00600,1.01
LINE-00601,ORD-00601,INV-00601,0.68
LINE-00602,ORD-00602,INV-00602,0.65
LINE-00603,ORD-00603,INV-00603,1.73
LINE-00604,ORD-00604,INV-00604,1.99
LINE-00605,ORD-00605,INV-00605,0.61
LINE-00606,ORD-00606,INV-00606,1.78
LINE-00607,ORD-00607,INV-00607,1.32
LINE-00608,ORD-00608,INV-00608,0.92
LINE-00609,ORD-00609,INV-00609,1.63
LINE-00610,ORD-00610,INV-00610,1.93
LINE-00611,ORD-00611,INV-00611,0.63
LINE-00612,ORD-00612,INV-00612,1.1
LINE-00613,ORD-00613,INV-00613,1.83
LINE-00614,ORD-00614,INV-00614,0.4
LINE-00615,ORD-00615,INV-00615,0.84
LINE-00616,ORD-00616,INV-00616,0.45
LINE-00617,ORD-00617,INV-00617,1.35
LINE-00618,ORD-00618,INV-00618,1.2
LINE-00619,ORD-00619,INV-00619,1.67
LINE-00620,ORD-00620,INV-00620,1.7
LINE-00621,ORD-00621,INV-00621,0.95
LINE-00622,ORD-00622,INV-00622,0.95
LINE-00623,ORD-00623,INV-00623,0.43
LINE-00624,ORD-00624,INV-00624,1.01
LINE-00625,ORD-00625,INV-00625,0.78
LINE-00626,ORD-00626,INV-00626,1.61
LINE-00627,ORD-00627,INV-00627,0.25
LINE-00628,ORD-00628,INV-00628,0.38
LINE-00629,ORD-00629,INV-00629,0.52
LINE-00630,ORD-00630,INV-00630,1.14
LINE-00631,ORD-00631,INV-00631,0.52
LINE-00632,ORD-00632,INV-00632,1.83
LINE-00633,ORD-00633,INV-00633,1.5
LINE-00634,ORD-00634,INV-00634,0.52
LINE-00635,ORD-00635,INV-00635,1.43
LINE-00636,ORD-00636,INV-00636,1.74
LINE-00637,ORD-00637,INV-00637,1.53
LINE-00638,ORD-00638,INV-00638,0.64
LINE-00639,ORD-00639,INV-00639,1.82
LINE-00640,ORD-00640,INV-00640,1.06
LINE-00641,ORD-00641,INV-00641,1.3
LINE-00642,ORD-00642,INV-00642,1.75
LINE-00643,ORD-00643,INV-00643,1.17
LINE-00644,ORD-00644,INV-00644,0.82
LINE-00645,ORD-00645,INV-00645,1.89
LINE-00646,ORD-00646,INV-00646,1.54
LINE-00647,ORD-00647,INV-00647,1.48
LINE-00648,ORD-00648,INV-00648,0.96
LINE-00649,ORD-00649,INV-00649,1.82
LINE-00650,ORD-00650,INV-00650,1.11
LINE-00651,ORD-00651,INV-00651,0.42
LINE-00652,ORD-00652,INV-00652,0.33
LINE-00653,ORD-00653,INV-00653,1.57
LINE-00654,ORD-00654,INV-00654,1.52
LINE-00655,ORD-00655,INV-00655,1.69
LINE-00656,ORD-00656,INV-00656,0.54
LINE-00657,ORD-00657,INV-00657,1.36
LINE-00658,ORD-00658,INV-00658,1.89
LINE-00659,ORD-00659,INV-00659,1.16
LINE-00660,ORD-00660,INV-00660,1.75
LINE-00661,ORD-00661,INV-00661,1.67
LINE-00662,ORD-00662,INV-00662,0.68
LINE-00663,ORD-00663,INV-00663,0.38
LINE-00664,ORD-00664,INV-00664,0.47
LINE-00665,ORD-00665,INV-00665,1.31
LINE-00666,ORD-00666,INV-00666,1.92
LINE-00667,ORD-00667,INV-00667,0.45
LINE-00668,ORD-00668,INV-00668,1.86
LINE-00669,ORD-00669,INV-00669,1.47
LINE-00670,ORD-00670,INV-00670,0.87
LINE-00671,ORD-00671,INV-00671,1.29
LINE-00672,ORD-00672,INV-00672,1.26
LINE-00673,ORD-00673,INV-00673,1.18
LINE-00674,ORD-00674,INV-00674,0.68
LINE-00675,ORD-00675,INV-00675,1.46
LINE-00676,ORD-00676,INV-00676,0.86
LINE-00677,ORD-00677,INV-00677,1.12
LINE-00678,ORD-00678,INV-00678,1.54
LINE-00679,ORD-00679,INV-00679,0.28
LINE-00680,ORD-00680,INV-00680,1.5
LINE-00681,ORD-00681,INV-00681,1.53
LINE-00682,ORD-00682,INV-00682,1.48
LINE-00683,ORD-00683,INV-00683,0.91
LINE-00684,ORD-00684,INV-00684,1.47
LINE-00685,ORD-00685,INV-00685,1.69
LINE-00686,ORD-00686,INV-00686,1.18
LINE-00687,ORD-00687,INV-00687,1.59
LINE-00688,ORD-00688,INV-00688,1.32
LINE-00689,ORD-00689,INV-00689,0.87
LINE-00690,ORD-00690,INV-00690,1.7
LINE-00691,ORD-00691,INV-00691,0.49
LINE-00692,ORD-00692,INV-00692,1.03
LINE-00693,ORD-00693,INV-00693,0.79
LINE-00694,ORD-00694,INV-00694,1.14
LINE-00695,ORD-00695,INV-00695,1.24
LINE-00696,ORD-00696,INV-00696,1.92
LINE-00697,ORD-00697,INV-00697,0.85
LINE-00698,ORD-00698,INV-00698,0.64
LINE-00699,ORD-00699,INV-00699,0.73
LINE-00700,ORD-00700,INV-00700,1.01
LINE-00701,ORD-00701,INV-00701,1.36
LINE-00702,ORD-00702,INV-00702,1.59
LINE-00703,ORD-00703,INV-00703,1.54
LINE-00704,ORD-00704,INV-00704,1.8
LINE-00705,ORD-00705,INV-00705,1.26
LINE-00706,ORD-00706,INV-00706,1.31
LINE-00707,ORD-00707,INV-00707,1.03
LINE-00708,ORD-00708,INV-00708,1.35
LINE-00709,ORD-00709,INV-00709,0.5
LINE-00710,ORD-00710,INV-00710,1.33
LINE-00711,ORD-00711,INV-00711,0.99
LINE-00712,ORD-00712,INV-00712,1.98
LINE-00713,ORD-00713,INV-00713,0.78
LINE-00714,ORD-00714,INV-00714,1.59
LINE-00715,ORD-00715,INV-00715,1.25
LINE-00716,ORD-00716,INV-00716,0.94
LINE-00717,ORD-00717,INV-00717,0.29
LINE-00718,ORD-00718,INV-00718,0.26
LINE-00719,ORD-00719,INV-00719,1.62
LINE-00720,ORD-00720,INV-00720,1.05
LINE-00721,ORD-00721,INV-00721,1.45
LINE-00722,ORD-00722,INV-00722,1.12
LINE-00723,ORD-00723,INV-00723,1.23
LINE-00724,ORD-00724,INV-00724,1.45
LINE-00725,ORD-00725,INV-00725,1.74
LINE-00726,ORD-00726,INV-00726,0.75
LINE-00727,ORD-00727,INV-00727,0.73
LINE-00728,ORD-00728,INV-00728,1.92
LINE-00729,ORD-00729,INV-00729,0.59
LINE-00730,ORD-00730,INV-00730,1.31
LINE-00731,ORD-00731,INV-00731,1.13
LINE-00732,ORD-00732,INV-00732,0.78
LINE-00733,ORD-00733,INV-00733,0.97
LINE-00734,ORD-00734,INV-00734,0.67
LINE-00735,ORD-00735,INV-00735,1.72
LINE-00736,ORD-00736,INV-00736,1.16
LINE-00737,ORD-00737,INV-00737,1.35
LINE-00738,ORD-00738,INV-00738,0.61
LINE-00739,ORD-00739,INV-00739,1.53
LINE-00740,ORD-00740,INV-00740,1.19
LINE-00741,ORD-00741,INV-00741,1.18
LINE-00742,ORD-00742,INV-00742,2.0
LINE-00743,ORD-00743,INV-00743,0.76
LINE-00744,ORD-00744,INV-00744,1.27
LINE-00745,ORD-00745,INV-00745,0.3
LINE-00746,ORD-00746,INV-00746,0.76
LINE-00747,ORD-00747,INV-00747,0.27
LINE-00748,ORD-00748,INV-00748,1.31
LINE-00749,ORD-00749,INV-00749,1.41
LINE-00750,ORD-00750,INV-00750,1.15
LINE-00751,ORD-00751,INV-00751,0.94
LINE-00752,ORD-00752,INV-00752,0.27
LINE-00753,ORD-00753,INV-00753,1.94
LINE-00754,ORD-00754,INV-00754,0.46
LINE-00755,ORD-00755,INV-00755,1.8
LINE-00756,ORD-00756,INV-00756,0.3
LINE-00757,ORD-00757,INV-00757,0.95
LINE-00758,ORD-00758,INV-00758,1.93
LINE-00759,ORD-00759,INV-00759,0.32
LINE-00760,ORD-00760,INV-00760,0.95
LINE-00761,ORD-00761,INV-00761,1.22
LINE-00762,ORD-00762,INV-00762,1.83
LINE-00763,ORD-00763,INV-00763,0.28
LINE-00764,ORD-00764,INV-00764,1.2
LINE-00765,ORD-00765,INV-00765,0.72
LINE-00766,ORD-00766,INV-00766,1.71
LINE-00767,ORD-00767,INV-00767,0.88
LINE-00768,ORD-00768,INV-00768,0.43
LINE-00769,ORD-00769,INV-00769,0.64
LINE-00770,ORD-00770,INV-00770,1.22
LINE-00771,ORD-00771,INV-00771,1.19
LINE-00772,ORD-00772,INV-00772,1.22
LINE-00773,ORD-00773,INV-00773,1.78
LINE-00774,ORD-00774,INV-00774,1.66
LINE-00775,ORD-00775,INV-00775,0.83
LINE-00776,ORD-00776,INV-00776,0.78
LINE-00777,ORD-00777,INV-00777,1.68
LINE-00778,ORD-00778,INV-00778,1.21
LINE-00779,ORD-00779,INV-00779,1.33
LINE-00780,ORD-00780,INV-00780,1.54
LINE-00781,ORD-00781,INV-00781,0.71
LINE-00782,ORD-00782,INV-00782,1.75
LINE-00783,ORD-00783,INV-00783,1.99
LINE-00784,ORD-00784,INV-00784,1.22
LINE-00785,ORD-00785,INV-00785,0.98
LINE-00786,ORD-00786,INV-00786,1.76
LINE-00787,ORD-00787,INV-00787,0.28
LINE-00788,ORD-00788,INV-00788,1.87
LINE-00789,ORD-00789,INV-00789,1.03
LINE-00790,ORD-00790,INV-00790,0.9
LINE-00791,ORD-00791,INV-00791,0.27
LINE-00792,ORD-00792,INV-00792,0.25
LINE-00793,ORD-00793,INV-00793,0.33
LINE-00794,ORD-00794,INV-00794,0.85
LINE-00795,ORD-00795,INV-00795,0.93
LINE-00796,ORD-00796,INV-00796,1.44
LINE-00797,ORD-00797,INV-00797,0.43
LINE-00798,ORD-00798,INV-00798,1.81
LINE-00799,ORD-00799,INV-00799,1.61
LINE-00800,ORD-00800,INV-00800,0.87
LINE-00801,ORD-00801,INV-00801,0.61
LINE-00802,ORD-00802,INV-00802,1.84
LINE-00803,ORD-00803,INV-00803,1.91
LINE-00804,ORD-00804,INV-00804,0.93
LINE-00805,ORD-00805,INV-00805,0.42
LINE-00806,ORD-00806,INV-00806,0.71
LINE-00807,ORD-00807,INV-00807,1.24
LINE-00808,ORD-00808,INV-00808,1.69
LINE-00809,ORD-00809,INV-00809,1.96
LINE-00810,ORD-00810,INV-00810,1.41
LINE-00811,ORD-00811,INV-00811,1.82
LINE-00812,ORD-00812,INV-00812,0.76
LINE-00813,ORD-00813,INV-00813,1.04
LINE-00814,ORD-00814,INV-00814,0.34
LINE-00815,ORD-00815,INV-00815,1.58
LINE-00816,ORD-00816,INV-00816,1.85
LINE-00817,ORD-00817,INV-00817,1.85
LINE-00818,ORD-00818,INV-00818,1.39
LINE-00819,ORD-00819,INV-00819,1.18
LINE-00820,ORD-00820,INV-00820,0.53
LINE-00821,ORD-00821,INV-00821,1.79
LINE-00822,ORD-00822,INV-00822,1.66
LINE-00823,ORD-00823,INV-00823,0.3
LINE-00824,ORD-00824,INV-00824,1.35
LINE-00825,ORD-00825,INV-00825,0.61
LINE-00826,ORD-00826,INV-00826,0.9
LINE-00827,ORD-00827,INV-00827,1.45
LINE-00828,ORD-00828,INV-00828,0.33
LINE-00829,ORD-00829,INV-00829,0.72
LINE-00830,ORD-00830,INV-00830,0.77
LINE-00831,ORD-00831,INV-00831,1.91
LINE-00832,ORD-00832,INV-00832,0.69
LINE-00833,ORD-00833,INV-00833,1.3
LINE-00834,ORD-00834,INV-00834,1.89
LINE-00835,ORD-00835,INV-00835,0.94
LINE-00836,ORD-00836,INV-00836,0.73
LINE-00837,ORD-00837,INV-00837,0.85
LINE-00838,ORD-00838,INV-00838,0.99
LINE-00839,ORD-00839,INV-00839,1.83
LINE-00840,ORD-00840,INV-00840,0.95
LINE-00841,ORD-00841,INV-00841,1.85
LINE-00842,ORD-00842,INV-00842,0.54
LINE-00843,ORD-00843,INV-00843,1.89
LINE-00844,ORD-00844,INV-00844,0.91
LINE-00845,ORD-00845,INV-00845,1.63
LINE-00846,ORD-00846,INV-00846,0.47
LINE-00847,ORD-00847,INV-00847,0.82
LINE-00848,ORD-00848,INV-00848,0.85
LINE-00849,ORD-00849,INV-00849,1.3
LINE-00850,ORD-00850,INV-00850,1.78
LINE-00851,ORD-00851,INV-00851,0.49
LINE-00852,ORD-00852,INV-00852,1.88
LINE-00853,ORD-00853,INV-00853,1.59
LINE-00854,ORD-00854,INV-00854,0.57
LINE-00855,ORD-00855,INV-00855,1.75
LINE-00856,ORD-00856,INV-00856,0.47
LINE-00857,ORD-00857,INV-00857,0.26
LINE-00858,ORD-00858,INV-00858,0.66
LINE-00859,ORD-00859,INV-00859,1.88
LINE-00860,ORD-00860,INV-00860,1.38
LINE-00861,ORD-00861,INV-00861,0.77
LINE-00862,ORD-00862,INV-00862,1.64
LINE-00863,ORD-00863,INV-00863,0.7
LINE-00864,ORD-00864,INV-00864,0.79
LINE-00865,ORD-00865,INV-00865,1.83
LINE-00866,ORD-00866,INV-00866,0.78
LINE-00867,ORD-00867,INV-00867,0.76
LINE-00868,ORD-00868,INV-00868,1.62
LINE-00869,ORD-00869,INV-00869,0.9
LINE-00870,ORD-00870,INV-00870,0.64
LINE-00871,ORD-00871,INV-00871,1.01
LINE-00872,ORD-00872,INV-00872,0.55
LINE-00873,ORD-00873,INV-00873,1.73
LINE-00874,ORD-00874,INV-00874,1.68
LINE-00875,ORD-00875,INV-00875,1.19
LINE-00876,ORD-00876,INV-00876,0.8
LINE-00877,ORD-00877,INV-00877,1.11
LINE-00878,ORD-00878,INV-00878,0.39
LINE-00879,ORD-00879,INV-00879,0.49
LINE-00880,ORD-00880,INV-00880,0.83
LINE-00881,ORD-00881,INV-00881,0.86
LINE-00882,ORD-00882,INV-00882,0.43
LINE-00883,ORD-00883,INV-00883,1.48
LINE-00884,ORD-00884,INV-00884,1.76
LINE-00885,ORD-00885,INV-00885,1.29
LINE-00886,ORD-00886,INV-00886,0.26
LINE-00887,ORD-00887,INV-00887,0.69
LINE-00888,ORD-00888,INV-00888,0.47
LINE-00889,ORD-00889,INV-00889,0.57
LINE-00890,ORD-00890,INV-00890,0.41
LINE-00891,ORD-00891,INV-00891,1.77
LINE-00892,ORD-00892,INV-00892,1.88
LINE-00893,ORD-00893,INV-00893,1.61
LINE-00894,ORD-00894,INV-00894,0.66
LINE-00895,ORD-00895,INV-00895,1.61
LINE-00896,ORD-00896,INV-00896,0.5
LINE-00897,ORD-00897,INV-00897,1.95
LINE-00898,ORD-00898,INV-00898,1.12
LINE-00899,ORD-00899,INV-00899,0.99
LINE-00900,ORD-00900,INV-00900,0.72
LINE-00901,ORD-00901,INV-00901,1.37
LINE-00902,ORD-00902,INV-00902,1.53
LINE-00903,ORD-00903,INV-00903,1.33
LINE-00904,ORD-00904,INV-00904,1.22
LINE-00905,ORD-00905,INV-00905,1.5
LINE-00906,ORD-00906,INV-00906,0.81
LINE-00907,ORD-00907,INV-00907,0.82
LINE-00908,ORD-00908,INV-00908,0.57
LINE-00909,ORD-00909,INV-00909,1.42
LINE-00910,ORD-00910,INV-00910,0.55
LINE-00911,ORD-00911,INV-00911,1.72
LINE-00912,ORD-00912,INV-00912,0.49
LINE-00913,ORD-00913,INV-00913,1.75
LINE-00914,ORD-00914,INV-00914,0.43
LINE-00915,ORD-00915,INV-00915,0.45
LINE-00916,ORD-00916,INV-00916,1.13
LINE-00917,ORD-00917,INV-00917,1.11
LINE-00918,ORD-00918,INV-00918,1.33
LINE-00919,ORD-00919,INV-00919,1.04
LINE-00920,ORD-00920,INV-00920,0.35
LINE-00921,ORD-00921,INV-00921,1.85
LINE-00922,ORD-00922,INV-00922,1.18
LINE-00923,ORD-00923,INV-00923,1.36
LINE-00924,ORD-00924,INV-00924,0.89
LINE-00925,ORD-00925,INV-00925,1.3
LINE-00926,ORD-00926,INV-00926,0.7
LINE-00927,ORD-00927,INV-00927,1.04
LINE-00928,ORD-00928,INV-00928,0.72
LINE-00929,ORD-00929,INV-00929,0.65
LINE-00930,ORD-00930,INV-00930,0.89
LINE-00931,ORD-00931,INV-00931,0.63
LINE-00932,ORD-00932,INV-00932,1.6
LINE-00933,ORD-00933,INV-00933,0.77
LINE-00934,ORD-00934,INV-00934,1.78
LINE-00935,ORD-00935,INV-00935,1.53
LINE-00936,ORD-00936,INV-00936,1.74
LINE-00937,ORD-00937,INV-00937,0.77
LINE-00938,ORD-00938,INV-00938,1.71
LINE-00939,ORD-00939,INV-00939,1.73
LINE-00940,ORD-00940,INV-00940,0.46
LINE-00941,ORD-00941,INV-00941,1.27
LINE-00942,ORD-00942,INV-00942,1.48
LINE-00943,ORD-00943,INV-00943,1.96
LINE-00944,ORD-00944,INV-00944,1.05
LINE-00945,ORD-00945,INV-00945,0.7
LINE-00946,ORD-00946,INV-00946,1.73
LINE-00947,ORD-00947,INV-00947,1.31
LINE-00948,ORD-00948,INV-00948,0.31
LINE-00949,ORD-00949,INV-00949,0.65
LINE-00950,ORD-00950,INV-00950,1.14
LINE-00951,ORD-00951,INV-00951,0.3
LINE-00952,ORD-00952,INV-00952,0.59
LINE-00953,ORD-00953,INV-00953,1.18
LINE-00954,ORD-00954,INV-00954,0.99
LINE-00955,ORD-00955,INV-00955,1.78
LINE-00956,ORD-00956,INV-00956,0.37
LINE-00957,ORD-00957,INV-00957,0.6
LINE-00958,ORD-00958,INV-00958,1.69
LINE-00959,ORD-00959,INV-00959,1.16
LINE-00960,ORD-00960,INV-00960,1.3
LINE-00961,ORD-00961,INV-00961,0.57
LINE-00962,ORD-00962,INV-00962,1.89
LINE-00963,ORD-00963,INV-00963,1.15
LINE-00964,ORD-00964,INV-00964,1.14
LINE-00965,ORD-00965,INV-00965,1.81
LINE-00966,ORD-00966,INV-00966,1.67
LINE-00967,ORD-00967,INV-00967,1.22
LINE-00968,ORD-00968,INV-00968,0.87
LINE-00969,ORD-00969,INV-00969,0.55
LINE-00970,ORD-00970,INV-00970,1.2
LINE-00971,ORD-00971,INV-00971,0.59
LINE-00972,ORD-00972,INV-00972,0.75
LINE-00973,ORD-00973,INV-00973,1.22
LINE-00974,ORD-00974,INV-00974,0.57
LINE-00975,ORD-00975,INV-00975,1.45
LINE-00976,ORD-00976,INV-00976,0.8
LINE-00977,ORD-00977,INV-00977,0.46
LINE-00978,ORD-00978,INV-00978,1.46
LINE-00979,ORD-00979,INV-00979,0.97
LINE-00980,ORD-00980,INV-00980,1.71
LINE-00981,ORD-00981,INV-00981,0.62
LINE-00982,ORD-00982,INV-00982,0.82
LINE-00983,ORD-00983,INV-00983,0.65
LINE-00984,ORD-00984,INV-00984,1.67
LINE-00985,ORD-00985,INV-00985,1.62
LINE-00986,ORD-00986,INV-00986,0.34
LINE-00987,ORD-00987,INV-00987,1.15
LINE-00988,ORD-00988,INV-00988,1.76
LINE-00989,ORD-00989,INV-00989,0.87
LINE-00990,ORD-00990,INV-00990,1.45
LINE-00991,ORD-00991,INV-00991,0.58
LINE-00992,ORD-00992,INV-00992,0.74
LINE-00993,ORD-00993,INV-00993,0.92
LINE-00994,ORD-00994,INV-00994,0.4
LINE-00995,ORD-00995,INV-00995,1.09
LINE-00996,ORD-00996,INV-00996,1.55
LINE-00997,ORD-00997,INV-00997,1.88
LINE-00998,ORD-00998,INV-00998,1.29
LINE-00999,ORD-00999,INV-00999,0.95
LINE-01000,ORD-01000,INV-01000,1.88
LINE-01001,ORD-01001,INV-01001,1.98
LINE-01002,ORD-01002,INV-01002,0.64
LINE-01003,ORD-01003,INV-01003,1.67
LINE-01004,ORD-01004,INV-01004,0.49
LINE-01005,ORD-01005,INV-01005,1.31
LINE-01006,ORD-01006,INV-01006,0.7
LINE-01007,ORD-01007,INV-01007,0.91
LINE-01008,ORD-01008,INV-01008,1.64
LINE-01009,ORD-01009,INV-01009,0.71
LINE-01010,ORD-01010,INV-01010,1.84
LINE-01011,ORD-01011,INV-01011,0.34
LINE-01012,ORD-01012,INV-01012,1.28
LINE-01013,ORD-01013,INV-01013,1.28
LINE-01014,ORD-01014,INV-01014,0.3
LINE-01015,ORD-01015,INV-01015,0.31
LINE-01016,ORD-01016,INV-01016,0.33
LINE-01017,ORD-01017,INV-01017,1.29
LINE-01018,ORD-01018,INV-01018,0.85
LINE-01019,ORD-01019,INV-01019,0.65
LINE-01020,ORD-01020,INV-01020,0.28
LINE-01021,ORD-01021,INV-01021,1.84
LINE-01022,ORD-01022,INV-01022,1.71
LINE-01023,ORD-01023,INV-01023,1.45
LINE-01024,ORD-01024,INV-01024,0.85
LINE-01025,ORD-01025,INV-01025,0.42
LINE-01026,ORD-01026,INV-01026,0.4
LINE-01027,ORD-01027,INV-01027,1.29
LINE-01028,ORD-01028,INV-01028,1.41
LINE-01029,ORD-01029,INV-01029,0.76
LINE-01030,ORD-01030,INV-01030,0.75
LINE-01031,ORD-01031,INV-01031,1.39
LINE-01032,ORD-01032,INV-01032,0.93
LINE-01033,ORD-01033,INV-01033,1.54
LINE-01034,ORD-01034,INV-01034,1.15
LINE-01035,ORD-01035,INV-01035,1.15
LINE-01036,ORD-01036,INV-01036,1.33
LINE-01037,ORD-01037,INV-01037,1.89
LINE-01038,ORD-01038,INV-01038,1.72
LINE-01039,ORD-01039,INV-01039,1.33
LINE-01040,ORD-01040,INV-01040,1.05
LINE-01041,ORD-01041,INV-01041,0.9
LINE-01042,ORD-01042,INV-01042,0.55
LINE-01043,ORD-01043,INV-01043,1.84
LINE-01044,ORD-01044,INV-01044,0.9
LINE-01045,ORD-01045,INV-01045,1.61
LINE-01046,ORD-01046,INV-01046,1.11
LINE-01047,ORD-01047,INV-01047,1.36
LINE-01048,ORD-01048,INV-01048,1.25
LINE-01049,ORD-01049,INV-01049,1.57
LINE-01050,ORD-01050,INV-01050,0.47
LINE-01051,ORD-01051,INV-01051,1.16
LINE-01052,ORD-01052,INV-01052,0.44
LINE-01053,ORD-01053,INV-01053,1.29
LINE-01054,ORD-01054,INV-01054,0.56
LINE-01055,ORD-01055,INV-01055,0.38
LINE-01056,ORD-01056,INV-01056,1.55
LINE-01057,ORD-01057,INV-01057,1.06
LINE-01058,ORD-01058,INV-01058,1.19
LINE-01059,ORD-01059,INV-01059,1.41
LINE-01060,ORD-01060,INV-01060,1.41
LINE-01061,ORD-01061,INV-01061,1.35
LINE-01062,ORD-01062,INV-01062,0.38
LINE-01063,ORD-01063,INV-01063,0.49
LINE-01064,ORD-01064,INV-01064,1.18
LINE-01065,ORD-01065,INV-01065,0.58
LINE-01066,ORD-01066,INV-01066,1.31
LINE-01067,ORD-01067,INV-01067,1.75
LINE-01068,ORD-01068,INV-01068,1.82
LINE-01069,ORD-01069,INV-01069,1.06
LINE-01070,ORD-01070,INV-01070,1.87
LINE-01071,ORD-01071,INV-01071,1.56
LINE-01072,ORD-01072,INV-01072,1.18
LINE-01073,ORD-01073,INV-01073,1.85
LINE-01074,ORD-01074,INV-01074,0.71
LINE-01075,ORD-01075,INV-01075,0.83
LINE-01076,ORD-01076,INV-01076,0.42
LINE-01077,ORD-01077,INV-01077,0.72
LINE-01078,ORD-01078,INV-01078,1.87
LINE-01079,ORD-01079,INV-01079,0.99
LINE-01080,ORD-01080,INV-01080,1.58
LINE-01081,ORD-01081,INV-01081,0.53
LINE-01082,ORD-01082,INV-01082,1.99
LINE-01083,ORD-01083,INV-01083,1.97
LINE-01084,ORD-01084,INV-01084,0.43
LINE-01085,ORD-01085,INV-01085,0.57
LINE-01086,ORD-01086,INV-01086,0.63
LINE-01087,ORD-01087,INV-01087,0.3
LINE-01088,ORD-01088,INV-01088,1.17
LINE-01089,ORD-01089,INV-01089,0.85
LINE-01090,ORD-01090,INV-01090,1.01
LINE-01091,ORD-01091,INV-01091,1.19
LINE-01092,ORD-01092,INV-01092,1.61
LINE-01093,ORD-01093,INV-01093,1.26
LINE-01094,ORD-01094,INV-01094,1.32
LINE-01095,ORD-01095,INV-01095,1.98
LINE-01096,ORD-01096,INV-01096,1.71
LINE-01097,ORD-01097,INV-01097,0.39
LINE-01098,ORD-01098,INV-01098,1.9
LINE-01099,ORD-01099,INV-01099,0.84
LINE-01100,ORD-01100,INV-01100,0.27
LINE-01101,ORD-01101,INV-01101,1.69
LINE-01102,ORD-01102,INV-01102,1.54
LINE-01103,ORD-01103,INV-01103,1.33
LINE-01104,ORD-01104,INV-01104,1.85
LINE-01105,ORD-01105,INV-01105,1.94
LINE-01106,ORD-01106,INV-01106,1.51
LINE-01107,ORD-01107,INV-01107,1.35
LINE-01108,ORD-01108,INV-01108,0.54
LINE-01109,ORD-01109,INV-01109,0.43
LINE-01110,ORD-01110,INV-01110,1.07
LINE-01111,ORD-01111,INV-01111,0.33
LINE-01112,ORD-01112,INV-01112,0.8
LINE-01113,ORD-01113,INV-01113,1.23
LINE-01114,ORD-01114,INV-01114,0.99
LINE-01115,ORD-01115,INV-01115,0.99
LINE-01116,ORD-01116,INV-01116,0.61
LINE-01117,ORD-01117,INV-01117,1.69
LINE-01118,ORD-01118,INV-01118,0.9
LINE-01119,ORD-01119,INV-01119,1.35
LINE-01120,ORD-01120,INV-01120,1.4
LINE-01121,ORD-01121,INV-01121,1.55
LINE-01122,ORD-01122,INV-01122,1.19
LINE-01123,ORD-01123,INV-01123,0.29
LINE-01124,ORD-01124,INV-01124,1.51
LINE-01125,ORD-01125,INV-01125,1.93
LINE-01126,ORD-01126,INV-01126,0.27
LINE-01127,ORD-01127,INV-01127,1.71
LINE-01128,ORD-01128,INV-01128,0.81
LINE-01129,ORD-01129,INV-01129,0.47
LINE-01130,ORD-01130,INV-01130,0.94
LINE-01131,ORD-01131,INV-01131,1.56
LINE-01132,ORD-01132,INV-01132,0.46
LINE-01133,ORD-01133,INV-01133,1.26
LINE-01134,ORD-01134,INV-01134,1.63
LINE-01135,ORD-01135,INV-01135,0.39
LINE-01136,ORD-01136,INV-01136,0.69
LINE-01137,ORD-01137,INV-01137,1.75
LINE-01138,ORD-01138,INV-01138,0.47
LINE-01139,ORD-01139,INV-01139,1.25
LINE-01140,ORD-01140,INV-01140,1.08
LINE-01141,ORD-01141,INV-01141,0.49
LINE-01142,ORD-01142,INV-01142,1.77
LINE-01143,ORD-01143,INV-01143,0.86
LINE-01144,ORD-01144,INV-01144,0.68
LINE-01145,ORD-01145,INV-01145,1.0
LINE-01146,ORD-01146,INV-01146,1.25
LINE-01147,ORD-01147,INV-01147,1.46
LINE-01148,ORD-01148,INV-01148,0.82
LINE-01149,ORD-01149,INV-01149,1.19
LINE-01150,ORD-01150,INV-01150,0.43
LINE-01151,ORD-01151,INV-01151,1.13
LINE-01152,ORD-01152,INV-01152,0.47
LINE-01153,ORD-01153,INV-01153,0.75
LINE-01154,ORD-01154,INV-01154,0.36
LINE-01155,ORD-01155,INV-01155,0.49
LINE-01156,ORD-01156,INV-01156,0.62
LINE-01157,ORD-01157,INV-01157,1.06
LINE-01158,ORD-01158,INV-01158,0.95
LINE-01159,ORD-01159,INV-01159,1.84
LINE-01160,ORD-01160,INV-01160,1.88
LINE-01161,ORD-01161,INV-01161,1.64
LINE-01162,ORD-01162,INV-01162,1.18
LINE-01163,ORD-01163,INV-01163,0.61
LINE-01164,ORD-01164,INV-01164,1.58
LINE-01165,ORD-01165,INV-01165,0.49
LINE-01166,ORD-01166,INV-01166,1.02
LINE-01167,ORD-01167,INV-01167,0.63
LINE-01168,ORD-01168,INV-01168,0.86
LINE-01169,ORD-01169,INV-01169,1.51
LINE-01170,ORD-01170,INV-01170,0.95
LINE-01171,ORD-01171,INV-01171,0.68
LINE-01172,ORD-01172,INV-01172,0.87
LINE-01173,ORD-01173,INV-01173,1.65
LINE-01174,ORD-01174,INV-01174,0.36
LINE-01175,ORD-01175,INV-01175,0.26
LINE-01176,ORD-01176,INV-01176,0.83
LINE-01177,ORD-01177,INV-01177,0.81
LINE-01178,ORD-01178,INV-01178,1.78
LINE-01179,ORD-01179,INV-01179,1.56
LINE-01180,ORD-01180,INV-01180,1.95
LINE-01181,ORD-01181,INV-01181,0.41
LINE-01182,ORD-01182,INV-01182,1.36
LINE-01183,ORD-01183,INV-01183,0.76
LINE-01184,ORD-01184,INV-01184,1.41
LINE-01185,ORD-01185,INV-01185,0.4
LINE-01186,ORD-01186,INV-01186,0.84
LINE-01187,ORD-01187,INV-01187,0.93
LINE-01188,ORD-01188,INV-01188,0.91
LINE-01189,ORD-01189,INV-01189,1.27
LINE-01190,ORD-01190,INV-01190,1.24
LINE-01191,ORD-01191,INV-01191,0.87
LINE-01192,ORD-01192,INV-01192,1.63
LINE-01193,ORD-01193,INV-01193,0.45
LINE-01194,ORD-01194,INV-01194,0.91
LINE-01195,ORD-01195,INV-01195,0.68
LINE-01196,ORD-01196,INV-01196,1.92
LINE-01197,ORD-01197,INV-01197,1.32
LINE-01198,ORD-01198,INV-01198,1.41
LINE-01199,ORD-01199,INV-01199,1.72
LINE-01200,ORD-01200,INV-01200,1.84
LINE-01201,ORD-01201,INV-01201,1.08
LINE-01202,ORD-01202,INV-01202,0.57
LINE-01203,ORD-01203,INV-01203,0.3
LINE-01204,ORD-01204,INV-01204,0.53
LINE-01205,ORD-01205,INV-01205,1.29
LINE-01206,ORD-01206,INV-01206,1.99
LINE-01207,ORD-01207,INV-01207,1.39
LINE-01208,ORD-01208,INV-01208,0.97
LINE-01209,ORD-01209,INV-01209,0.85
LINE-01210,ORD-01210,INV-01210,0.69
LINE-01211,ORD-01211,INV-01211,0.56
LINE-01212,ORD-01212,INV-01212,0.39
LINE-01213,ORD-01213,INV-01213,1.66
LINE-01214,ORD-01214,INV-01214,0.7
LINE-01215,ORD-01215,INV-01215,1.68
LINE-01216,ORD-01216,INV-01216,1.45
LINE-01217,ORD-01217,INV-01217,0.38
LINE-01218,ORD-01218,INV-01218,1.81
LINE-01219,ORD-01219,INV-01219,1.34
LINE-01220,ORD-01220,INV-01220,1.47
LINE-01221,ORD-01221,INV-01221,1.93
LINE-01222,ORD-01222,INV-01222,0.82
LINE-01223,ORD-01223,INV-01223,1.81
LINE-01224,ORD-01224,INV-01224,0.84
LINE-01225,ORD-01225,INV-01225,1.78
LINE-01226,ORD-01226,INV-01226,1.36
LINE-01227,ORD-01227,INV-01227,0.77
LINE-01228,ORD-01228,INV-01228,1.7
LINE-01229,ORD-01229,INV-01229,0.32
LINE-01230,ORD-01230,INV-01230,0.9
LINE-01231,ORD-01231,INV-01231,0.47
LINE-01232,ORD-01232,INV-01232,0.58
LINE-01233,ORD-01233,INV-01233,1.23
LINE-01234,ORD-01234,INV-01234,0.25
LINE-01235,ORD-01235,INV-01235,1.11
LINE-01236,ORD-01236,INV-01236,0.62
LINE-01237,ORD-01237,INV-01237,0.71
LINE-01238,ORD-01238,INV-01238,1.1
LINE-01239,ORD-01239,INV-01239,0.61
LINE-01240,ORD-01240,INV-01240,0.49
LINE-01241,ORD-01241,INV-01241,1.75
LINE-01242,ORD-01242,INV-01242,1.78
LINE-01243,ORD-01243,INV-01243,0.71
LINE-01244,ORD-01244,INV-01244,0.7
LINE-01245,ORD-01245,INV-01245,0.72
LINE-01246,ORD-01246,INV-01246,0.45
LINE-01247,ORD-01247,INV-01247,1.57
LINE-01248,ORD-01248,INV-01248,0.65
LINE-01249,ORD-01249,INV-01249,0.8
LINE-01250,ORD-01250,INV-01250,0.62
LINE-01251,ORD-01251,INV-01251,0.29
LINE-01252,ORD-01252,INV-01252,0.97
LINE-01253,ORD-01253,INV-01253,1.65
LINE-01254,ORD-01254,INV-01254,0.98
LINE-01255,ORD-01255,INV-01255,0.95
LINE-01256,ORD-01256,INV-01256,1.47
LINE-01257,ORD-01257,INV-01257,1.76
LINE-01258,ORD-01258,INV-01258,1.4
LINE-01259,ORD-01259,INV-01259,1.31
LINE-01260,ORD-01260,INV-01260,1.94
LINE-01261,ORD-01261,INV-01261,1.86
LINE-01262,ORD-01262,INV-01262,1.25
LINE-01263,ORD-01263,INV-01263,0.55
LINE-01264,ORD-01264,INV-01264,1.19
LINE-01265,ORD-01265,INV-01265,1.75
LINE-01266,ORD-01266,INV-01266,1.89
LINE-01267,ORD-01267,INV-01267,1.14
LINE-01268,ORD-01268,INV-01268,1.59
LINE-01269,ORD-01269,INV-01269,1.77
LINE-01270,ORD-01270,INV-01270,1.57
LINE-01271,ORD-01271,INV-01271,0.86
LINE-01272,ORD-01272,INV-01272,1.75
LINE-01273,ORD-01273,INV-01273,0.66
LINE-01274,ORD-01274,INV-01274,1.71
LINE-01275,ORD-01275,INV-01275,0.83
LINE-01276,ORD-01276,INV-01276,1.56
LINE-01277,ORD-01277,INV-01277,1.04
LINE-01278,ORD-01278,INV-01278,1.73
LINE-01279,ORD-01279,INV-01279,0.47
LINE-01280,ORD-01280,INV-01280,0.72
LINE-01281,ORD-01281,INV-01281,0.59
LINE-01282,ORD-01282,INV-01282,1.37
LINE-01283,ORD-01283,INV-01283,0.99
LINE-01284,ORD-01284,INV-01284,1.22
LINE-01285,ORD-01285,INV-01285,1.23
LINE-01286,ORD-01286,INV-01286,0.46
LINE-01287,ORD-01287,INV-01287,0.43
LINE-01288,ORD-01288,INV-01288,0.92
LINE-01289,ORD-01289,INV-01289,1.71
LINE-01290,ORD-01290,INV-01290,0.72
LINE-01291,ORD-01291,INV-01291,1.51
LINE-01292,ORD-01292,INV-01292,1.7
LINE-01293,ORD-01293,INV-01293,0.61
LINE-01294,ORD-01294,INV-01294,1.91
LINE-01295,ORD-01295,INV-01295,1.28
LINE-01296,ORD-01296,INV-01296,1.58
LINE-01297,ORD-01297,INV-01297,1.83
LINE-01298,ORD-01298,INV-01298,1.14
LINE-01299,ORD-01299,INV-01299,0.61
LINE-01300,ORD-01300,INV-01300,1.07
LINE-01301,ORD-01301,INV-01301,1.39
LINE-01302,ORD-01302,INV-01302,0.88
LINE-01303,ORD-01303,INV-01303,1.15
LINE-01304,ORD-01304,INV-01304,1.53
LINE-01305,ORD-01305,INV-01305,0.63
LINE-01306,ORD-01306,INV-01306,0.75
LINE-01307,ORD-01307,INV-01307,1.08
LINE-01308,ORD-01308,INV-01308,0.27
LINE-01309,ORD-01309,INV-01309,0.69
LINE-01310,ORD-01310,INV-01310,0.66
LINE-01311,ORD-01311,INV-01311,0.26
LINE-01312,ORD-01312,INV-01312,0.27
LINE-01313,ORD-01313,INV-01313,1.85
LINE-01314,ORD-01314,INV-01314,1.9
LINE-01315,ORD-01315,INV-01315,0.86
LINE-01316,ORD-01316,INV-01316,1.15
LINE-01317,ORD-01317,INV-01317,1.36
LINE-01318,ORD-01318,INV-01318,0.98
LINE-01319,ORD-01319,INV-01319,0.29
LINE-01320,ORD-01320,INV-01320,1.2
LINE-01321,ORD-01321,INV-01321,0.94
LINE-01322,ORD-01322,INV-01322,0.86
LINE-01323,ORD-01323,INV-01323,1.63
LINE-01324,ORD-01324,INV-01324,1.95
LINE-01325,ORD-01325,INV-01325,1.87
LINE-01326,ORD-01326,INV-01326,0.37
LINE-01327,ORD-01327,INV-01327,1.73
LINE-01328,ORD-01328,INV-01328,1.76
LINE-01329,ORD-01329,INV-01329,0.66
LINE-01330,ORD-01330,INV-01330,0.4
LINE-01331,ORD-01331,INV-01331,0.31
LINE-01332,ORD-01332,INV-01332,1.39
LINE-01333,ORD-01333,INV-01333,1.04
LINE-01334,ORD-01334,INV-01334,0.48
LINE-01335,ORD-01335,INV-01335,0.72
LINE-01336,ORD-01336,INV-01336,0.74
LINE-01337,ORD-01337,INV-01337,0.28
LINE-01338,ORD-01338,INV-01338,1.49
LINE-01339,ORD-01339,INV-01339,1.12
LINE-01340,ORD-01340,INV-01340,1.29
LINE-01341,ORD-01341,INV-01341,1.48
LINE-01342,ORD-01342,INV-01342,0.42
LINE-01343,ORD-01343,INV-01343,0.63
LINE-01344,ORD-01344,INV-01344,0.72
LINE-01345,ORD-01345,INV-01345,2.0
LINE-01346,ORD-01346,INV-01346,0.67
LINE-01347,ORD-01347,INV-01347,1.21
LINE-01348,ORD-01348,INV-01348,0.38
LINE-01349,ORD-01349,INV-01349,1.34
LINE-01350,ORD-01350,INV-01350,1.5
LINE-01351,ORD-01351,INV-01351,0.79
LINE-01352,ORD-01352,INV-01352,1.92
LINE-01353,ORD-01353,INV-01353,1.87
LINE-01354,ORD-01354,INV-01354,0.5
LINE-01355,ORD-01355,INV-01355,0.73
LINE-01356,ORD-01356,INV-01356,1.92
LINE-01357,ORD-01357,INV-01357,0.3
LINE-01358,ORD-01358,INV-01358,1.53
LINE-01359,ORD-01359,INV-01359,1.23
LINE-01360,ORD-01360,INV-01360,0.51
LINE-01361,ORD-01361,INV-01361,0.93
LINE-01362,ORD-01362,INV-01362,0.7
LINE-01363,ORD-01363,INV-01363,1.88
LINE-01364,ORD-01364,INV-01364,0.96
LINE-01365,ORD-01365,INV-01365,0.57
LINE-01366,ORD-01366,INV-01366,0.9
LINE-01367,ORD-01367,INV-01367,1.99
LINE-01368,ORD-01368,INV-01368,1.72
LINE-01369,ORD-01369,INV-01369,1.64
LINE-01370,ORD-01370,INV-01370,0.57
LINE-01371,ORD-01371,INV-01371,0.27
LINE-01372,ORD-01372,INV-01372,1.71
LINE-01373,ORD-01373,INV-01373,1.46
LINE-01374,ORD-01374,INV-01374,1.43
LINE-01375,ORD-01375,INV-01375,0.55
LINE-01376,ORD-01376,INV-01376,0.42
LINE-01377,ORD-01377,INV-01377,1.18
LINE-01378,ORD-01378,INV-01378,1.34
LINE-01379,ORD-01379,INV-01379,0.31
LINE-01380,ORD-01380,INV-01380,0.78
LINE-01381,ORD-01381,INV-01381,1.17
LINE-01382,ORD-01382,INV-01382,0.42
LINE-01383,ORD-01383,INV-01383,0.92
LINE-01384,ORD-01384,INV-01384,0.34
LINE-01385,ORD-01385,INV-01385,0.27
LINE-01386,ORD-01386,INV-01386,1.21
LINE-01387,ORD-01387,INV-01387,1.04
LINE-01388,ORD-01388,INV-01388,1.39
LINE-01389,ORD-01389,INV-01389,0.35
LINE-01390,ORD-01390,INV-01390,1.88
LINE-01391,ORD-01391,INV-01391,1.61
LINE-01392,ORD-01392,INV-01392,0.31
LINE-01393,ORD-01393,INV-01393,0.84
LINE-01394,ORD-01394,INV-01394,1.64
LINE-01395,ORD-01395,INV-01395,0.93
LINE-01396,ORD-01396,INV-01396,1.65
LINE-01397,ORD-01397,INV-01397,1.51
LINE-01398,ORD-01398,INV-01398,0.37
LINE-01399,ORD-01399,INV-01399,0.88
LINE-01400,ORD-01400,INV-01400,0.97
LINE-01401,ORD-01401,INV-01401,1.2
LINE-01402,ORD-01402,INV-01402,0.3
LINE-01403,ORD-01403,INV-01403,0.84
LINE-01404,ORD-01404,INV-01404,1.08
LINE-01405,ORD-01405,INV-01405,0.8
LINE-01406,ORD-01406,INV-01406,0.35
LINE-01407,ORD-01407,INV-01407,1.12
LINE-01408,ORD-01408,INV-01408,0.49
LINE-01409,ORD-01409,INV-01409,1.92
LINE-01410,ORD-01410,INV-01410,1.24
LINE-01411,ORD-01411,INV-01411,0.27
LINE-01412,ORD-01412,INV-01412,1.65
LINE-01413,ORD-01413,INV-01413,0.63
LINE-01414,ORD-01414,INV-01414,1.06
LINE-01415,ORD-01415,INV-01415,0.58
LINE-01416,ORD-01416,INV-01416,1.61
LINE-01417,ORD-01417,INV-01417,1.4
LINE-01418,ORD-01418,INV-01418,0.55
LINE-01419,ORD-01419,INV-01419,0.41
LINE-01420,ORD-01420,INV-01420,0.61
LINE-01421,ORD-01421,INV-01421,1.67
LINE-01422,ORD-01422,INV-01422,1.24
LINE-01423,ORD-01423,INV-01423,1.55
LINE-01424,ORD-01424,INV-01424,1.08
LINE-01425,ORD-01425,INV-01425,0.38
LINE-01426,ORD-01426,INV-01426,0.93
LINE-01427,ORD-01427,INV-01427,0.5
LINE-01428,ORD-01428,INV-01428,0.46
LINE-01429,ORD-01429,INV-01429,1.66
LINE-01430,ORD-01430,INV-01430,0.69
LINE-01431,ORD-01431,INV-01431,1.77
LINE-01432,ORD-01432,INV-01432,1.49
LINE-01433,ORD-01433,INV-01433,0.74
LINE-01434,ORD-01434,INV-01434,0.96
LINE-01435,ORD-01435,INV-01435,0.45
LINE-01436,ORD-01436,INV-01436,1.12
LINE-01437,ORD-01437,INV-01437,1.25
LINE-01438,ORD-01438,INV-01438,1.21
LINE-01439,ORD-01439,INV-01439,1.99
LINE-01440,ORD-01440,INV-01440,0.37
LINE-01441,ORD-01441,INV-01441,1.71
LINE-01442,ORD-01442,INV-01442,1.05
LINE-01443,ORD-01443,INV-01443,0.79
LINE-01444,ORD-01444,INV-01444,0.96
LINE-01445,ORD-01445,INV-01445,1.97
LINE-01446,ORD-01446,INV-01446,0.5
LINE-01447,ORD-01447,INV-01447,0.64
LINE-01448,ORD-01448,INV-01448,0.78
LINE-01449,ORD-01449,INV-01449,1.75
LINE-01450,ORD-01450,INV-01450,1.88
LINE-01451,ORD-01451,INV-01451,0.48
LINE-01452,ORD-01452,INV-01452,0.88
LINE-01453,ORD-01453,INV-01453,0.41
LINE-01454,ORD-01454,INV-01454,0.95
LINE-01455,ORD-01455,INV-01455,0.5
LINE-01456,ORD-01456,INV-01456,0.57
LINE-01457,ORD-01457,INV-01457,1.84
LINE-01458,ORD-01458,INV-01458,0.72
LINE-01459,ORD-01459,INV-01459,0.39
LINE-01460,ORD-01460,INV-01460,1.92
LINE-01461,ORD-01461,INV-01461,1.85
LINE-01462,ORD-01462,INV-01462,1.41
LINE-01463,ORD-01463,INV-01463,0.28
LINE-01464,ORD-01464,INV-01464,0.73
LINE-01465,ORD-01465,INV-01465,1.55
LINE-01466,ORD-01466,INV-01466,1.03
LINE-01467,ORD-01467,INV-01467,1.72
LINE-01468,ORD-01468,INV-01468,1.8
LINE-01469,ORD-01469,INV-01469,0.91
LINE-01470,ORD-01470,INV-01470,0.29
LINE-01471,ORD-01471,INV-01471,1.43
LINE-01472,ORD-01472,INV-01472,0.99
LINE-01473,ORD-01473,INV-01473,1.34
LINE-01474,ORD-01474,INV-01474,0.8
LINE-01475,ORD-01475,INV-01475,0.64
LINE-01476,ORD-01476,INV-01476,0.48
LINE-01477,ORD-01477,INV-01477,0.97
LINE-01478,ORD-01478,INV-01478,1.39
LINE-01479,ORD-01479,INV-01479,1.3
LINE-01480,ORD-01480,INV-01480,0.78
LINE-01481,ORD-01481,INV-01481,1.23
LINE-01482,ORD-01482,INV-01482,1.95
LINE-01483,ORD-01483,INV-01483,1.43
LINE-01484,ORD-01484,INV-01484,0.72
LINE-01485,ORD-01485,INV-01485,0.85
LINE-01486,ORD-01486,INV-01486,1.46
LINE-01487,ORD-01487,INV-01487,1.27
LINE-01488,ORD-01488,INV-01488,0.86
LINE-01489,ORD-01489,INV-01489,0.92
LINE-01490,ORD-01490,INV-01490,0.48
LINE-01491,ORD-01491,INV-01491,0.44
LINE-01492,ORD-01492,INV-01492,1.42
LINE-01493,ORD-01493,INV-01493,0.81
LINE-01494,ORD-01494,INV-01494,1.88
LINE-01495,ORD-01495,INV-01495,1.27
LINE-01496,ORD-01496,INV-01496,1.72
LINE-01497,ORD-01497,INV-01497,0.55
LINE-01498,ORD-01498,INV-01498,1.0
LINE-01499,ORD-01499,INV-01499,1.79
LINE-01500,ORD-01500,INV-01500,1.99
LINE-01501,ORD-01501,INV-01501,1.48
LINE-01502,ORD-01502,INV-01502,1.53
LINE-01503,ORD-01503,INV-01503,1.65
LINE-01504,ORD-01504,INV-01504,1.8
LINE-01505,ORD-01505,INV-01505,0.7
LINE-01506,ORD-01506,INV-01506,1.22
LINE-01507,ORD-01507,INV-01507,1.63
LINE-01508,ORD-01508,INV-01508,1.84
LINE-01509,ORD-01509,INV-01509,1.15
LINE-01510,ORD-01510,INV-01510,0.99
LINE-01511,ORD-01511,INV-01511,0.62
LINE-01512,ORD-01512,INV-01512,0.91
LINE-01513,ORD-01513,INV-01513,0.35
LINE-01514,ORD-01514,INV-01514,0.27
LINE-01515,ORD-01515,INV-01515,1.17
LINE-01516,ORD-01516,INV-01516,0.8
LINE-01517,ORD-01517,INV-01517,0.7
LINE-01518,ORD-01518,INV-01518,1.14
LINE-01519,ORD-01519,INV-01519,0.65
LINE-01520,ORD-01520,INV-01520,1.69
LINE-01521,ORD-01521,INV-01521,1.23
LINE-01522,ORD-01522,INV-01522,0.4
LINE-01523,ORD-01523,INV-01523,1.24
LINE-01524,ORD-01524,INV-01524,1.25
LINE-01525,ORD-01525,INV-01525,1.11
LINE-01526,ORD-01526,INV-01526,1.33
LINE-01527,ORD-01527,INV-01527,1.24
LINE-01528,ORD-01528,INV-01528,0.4
LINE-01529,ORD-01529,INV-01529,0.78
LINE-01530,ORD-01530,INV-01530,0.34
LINE-01531,ORD-01531,INV-01531,1.25
LINE-01532,ORD-01532,INV-01532,1.52
LINE-01533,ORD-01533,INV-01533,1.18
LINE-01534,ORD-01534,INV-01534,1.69
LINE-01535,ORD-01535,INV-01535,1.81
LINE-01536,ORD-01536,INV-01536,1.96
LINE-01537,ORD-01537,INV-01537,0.94
LINE-01538,ORD-01538,INV-01538,1.93
LINE-01539,ORD-01539,INV-01539,1.34
LINE-01540,ORD-01540,INV-01540,1.71
LINE-01541,ORD-01541,INV-01541,1.62
LINE-01542,ORD-01542,INV-01542,1.96
LINE-01543,ORD-01543,INV-01543,0.74
LINE-01544,ORD-01544,INV-01544,0.72
LINE-01545,ORD-01545,INV-01545,1.01
LINE-01546,ORD-01546,INV-01546,1.04
LINE-01547,ORD-01547,INV-01547,1.91
LINE-01548,ORD-01548,INV-01548,1.13
LINE-01549,ORD-01549,INV-01549,0.46
LINE-01550,ORD-01550,INV-01550,1.25
LINE-01551,ORD-01551,INV-01551,1.17
LINE-01552,ORD-01552,INV-01552,0.81
LINE-01553,ORD-01553,INV-01553,1.01
LINE-01554,ORD-01554,INV-01554,0.51
LINE-01555,ORD-01555,INV-01555,1.75
LINE-01556,ORD-01556,INV-01556,0.54
LINE-01557,ORD-01557,INV-01557,2.0
LINE-01558,ORD-01558,INV-01558,0.6
LINE-01559,ORD-01559,INV-01559,1.52
LINE-01560,ORD-01560,INV-01560,1.45
LINE-01561,ORD-01561,INV-01561,1.55
LINE-01562,ORD-01562,INV-01562,1.77
LINE-01563,ORD-01563,INV-01563,0.88
LINE-01564,ORD-01564,INV-01564,0.83
LINE-01565,ORD-01565,INV-01565,1.79
LINE-01566,ORD-01566,INV-01566,1.58
LINE-01567,ORD-01567,INV-01567,0.25
LINE-01568,ORD-01568,INV-01568,0.29
LINE-01569,ORD-01569,INV-01569,1.21
LINE-01570,ORD-01570,INV-01570,0.91
LINE-01571,ORD-01571,INV-01571,1.64
LINE-01572,ORD-01572,INV-01572,1.55
LINE-01573,ORD-01573,INV-01573,1.99
LINE-01574,ORD-01574,INV-01574,1.04
LINE-01575,ORD-01575,INV-01575,1.29
LINE-01576,ORD-01576,INV-01576,1.32
LINE-01577,ORD-01577,INV-01577,0.26
LINE-01578,ORD-01578,INV-01578,1.16
LINE-01579,ORD-01579,INV-01579,1.59
LINE-01580,ORD-01580,INV-01580,1.24
LINE-01581,ORD-01581,INV-01581,0.41
LINE-01582,ORD-01582,INV-01582,0.69
LINE-01583,ORD-01583,INV-01583,0.96
LINE-01584,ORD-01584,INV-01584,0.25
LINE-01585,ORD-01585,INV-01585,1.26
LINE-01586,ORD-01586,INV-01586,1.75
LINE-01587,ORD-01587,INV-01587,0.41
LINE-01588,ORD-01588,INV-01588,1.24
LINE-01589,ORD-01589,INV-01589,1.55
LINE-01590,ORD-01590,INV-01590,0.52
LINE-01591,ORD-01591,INV-01591,0.66
LINE-01592,ORD-01592,INV-01592,1.45
LINE-01593,ORD-01593,INV-01593,0.6
LINE-01594,ORD-01594,INV-01594,1.05
LINE-01595,ORD-01595,INV-01595,1.71
LINE-01596,ORD-01596,INV-01596,1.43
LINE-01597,ORD-01597,INV-01597,1.9
LINE-01598,ORD-01598,INV-01598,1.26
LINE-01599,ORD-01599,INV-01599,1.05
LINE-01600,ORD-01600,INV-01600,1.5
LINE-01601,ORD-01601,INV-01601,0.33
LINE-01602,ORD-01602,INV-01602,0.27
LINE-01603,ORD-01603,INV-01603,1.64
LINE-01604,ORD-01604,INV-01604,0.84
LINE-01605,ORD-01605,INV-01605,1.2
LINE-01606,ORD-01606,INV-01606,1.72
LINE-01607,ORD-01607,INV-01607,0.39
LINE-01608,ORD-01608,INV-01608,1.75
LINE-01609,ORD-01609,INV-01609,1.84
LINE-01610,ORD-01610,INV-01610,0.99
LINE-01611,ORD-01611,INV-01611,2.0
LINE-01612,ORD-01612,INV-01612,0.93
LINE-01613,ORD-01613,INV-01613,0.32
LINE-01614,ORD-01614,INV-01614,0.29
LINE-01615,ORD-01615,INV-01615,1.29
LINE-01616,ORD-01616,INV-01616,1.72
LINE-01617,ORD-01617,INV-01617,1.28
LINE-01618,ORD-01618,INV-01618,0.74
LINE-01619,ORD-01619,INV-01619,0.63
LINE-01620,ORD-01620,INV-01620,1.01
LINE-01621,ORD-01621,INV-01621,1.81
LINE-01622,ORD-01622,INV-01622,1.52
LINE-01623,ORD-01623,INV-01623,0.68
LINE-01624,ORD-01624,INV-01624,1.03
LINE-01625,ORD-01625,INV-01625,1.88
LINE-01626,ORD-01626,INV-01626,1.17
LINE-01627,ORD-01627,INV-01627,0.4
LINE-01628,ORD-01628,INV-01628,0.41
LINE-01629,ORD-01629,INV-01629,1.31
LINE-01630,ORD-01630,INV-01630,1.38
LINE-01631,ORD-01631,INV-01631,1.47
LINE-01632,ORD-01632,INV-01632,0.83
LINE-01633,ORD-01633,INV-01633,0.5
LINE-01634,ORD-01634,INV-01634,1.25
LINE-01635,ORD-01635,INV-01635,1.66
LINE-01636,ORD-01636,INV-01636,0.51
LINE-01637,ORD-01637,INV-01637,0.28
LINE-01638,ORD-01638,INV-01638,1.36
LINE-01639,ORD-01639,INV-01639,1.66
LINE-01640,ORD-01640,INV-01640,1.41
LINE-01641,ORD-01641,INV-01641,0.37
LINE-01642,ORD-01642,INV-01642,0.61
LINE-01643,ORD-01643,INV-01643,1.58
LINE-01644,ORD-01644,INV-01644,0.74
LINE-01645,ORD-01645,INV-01645,0.97
LINE-01646,ORD-01646,INV-01646,1.03
LINE-01647,ORD-01647,INV-01647,0.91
LINE-01648,ORD-01648,INV-01648,1.26
LINE-01649,ORD-01649,INV-01649,1.3
LINE-01650,ORD-01650,INV-01650,0.75
LINE-01651,ORD-01651,INV-01651,1.81
LINE-01652,ORD-01652,INV-01652,0.73
LINE-01653,ORD-01653,INV-01653,0.96
LINE-01654,ORD-01654,INV-01654,1.02
LINE-01655,ORD-01655,INV-01655,1.5
LINE-01656,ORD-01656,INV-01656,0.42
LINE-01657,ORD-01657,INV-01657,1.21
LINE-01658,ORD-01658,INV-01658,0.72
LINE-01659,ORD-01659,INV-01659,1.38
LINE-01660,ORD-01660,INV-01660,0.28
LINE-01661,ORD-01661,INV-01661,0.49
LINE-01662,ORD-01662,INV-01662,1.6
LINE-01663,ORD-01663,INV-01663,1.84
LINE-01664,ORD-01664,INV-01664,1.46
LINE-01665,ORD-01665,INV-01665,0.52
LINE-01666,ORD-01666,INV-01666,0.49
LINE-01667,ORD-01667,INV-01667,0.64
LINE-01668,ORD-01668,INV-01668,1.03
LINE-01669,ORD-01669,INV-01669,1.86
LINE-01670,ORD-01670,INV-01670,0.76
LINE-01671,ORD-01671,INV-01671,0.25
LINE-01672,ORD-01672,INV-01672,1.93
LINE-01673,ORD-01673,INV-01673,0.93
LINE-01674,ORD-01674,INV-01674,0.31
LINE-01675,ORD-01675,INV-01675,0.86
LINE-01676,ORD-01676,INV-01676,1.8
LINE-01677,ORD-01677,INV-01677,1.12
LINE-01678,ORD-01678,INV-01678,1.46
LINE-01679,ORD-01679,INV-01679,1.83
LINE-01680,ORD-01680,INV-01680,1.07
LINE-01681,ORD-01681,INV-01681,1.63
LINE-01682,ORD-01682,INV-01682,0.88
LINE-01683,ORD-01683,INV-01683,1.95
LINE-01684,ORD-01684,INV-01684,0.97
LINE-01685,ORD-01685,INV-01685,0.53
LINE-01686,ORD-01686,INV-01686,1.88
LINE-01687,ORD-01687,INV-01687,0.85
LINE-01688,ORD-01688,INV-01688,1.05
LINE-01689,ORD-01689,INV-01689,0.26
LINE-01690,ORD-01690,INV-01690,0.4
LINE-01691,ORD-01691,INV-01691,1.33
LINE-01692,ORD-01692,INV-01692,1.99
LINE-01693,ORD-01693,INV-01693,1.23
LINE-01694,ORD-01694,INV-01694,0.49
LINE-01695,ORD-01695,INV-01695,1.48
LINE-01696,ORD-01696,INV-01696,0.44
LINE-01697,ORD-01697,INV-01697,0.45
LINE-01698,ORD-01698,INV-01698,0.98
LINE-01699,ORD-01699,INV-01699,0.37
LINE-01700,ORD-01700,INV-01700,0.56
LINE-01701,ORD-01701,INV-01701,1.36
LINE-01702,ORD-01702,INV-01702,0.82
LINE-01703,ORD-01703,INV-01703,1.24
LINE-01704,ORD-01704,INV-01704,0.75
LINE-01705,ORD-01705,INV-01705,1.77
LINE-01706,ORD-01706,INV-01706,0.95
LINE-01707,ORD-01707,INV-01707,1.8
LINE-01708,ORD-01708,INV-01708,0.36
LINE-01709,ORD-01709,INV-01709,1.3
LINE-01710,ORD-01710,INV-01710,0.63
LINE-01711,ORD-01711,INV-01711,0.71
LINE-01712,ORD-01712,INV-01712,0.96
LINE-01713,ORD-01713,INV-01713,0.34
LINE-01714,ORD-01714,INV-01714,0.47
LINE-01715,ORD-01715,INV-01715,0.67
LINE-01716,ORD-01716,INV-01716,0.5
LINE-01717,ORD-01717,INV-01717,0.4
LINE-01718,ORD-01718,INV-01718,0.41
LINE-01719,ORD-01719,INV-01719,1.79
LINE-01720,ORD-01720,INV-01720,1.84
LINE-01721,ORD-01721,INV-01721,0.6
LINE-01722,ORD-01722,INV-01722,1.83
LINE-01723,ORD-01723,INV-01723,1.24
LINE-01724,ORD-01724,INV-01724,1.98
LINE-01725,ORD-01725,INV-01725,1.35
LINE-01726,ORD-01726,INV-01726,0.37
LINE-01727,ORD-01727,INV-01727,0.41
LINE-01728,ORD-01728,INV-01728,0.3
LINE-01729,ORD-01729,INV-01729,1.83
LINE-01730,ORD-01730,INV-01730,1.91
LINE-01731,ORD-01731,INV-01731,1.5
LINE-01732,ORD-01732,INV-01732,0.27
LINE-01733,ORD-01733,INV-01733,1.54
LINE-01734,ORD-01734,INV-01734,1.01
LINE-01735,ORD-01735,INV-01735,0.82
LINE-01736,ORD-01736,INV-01736,1.92
LINE-01737,ORD-01737,INV-01737,1.6
LINE-01738,ORD-01738,INV-01738,1.53
LINE-01739,ORD-01739,INV-01739,1.95
LINE-01740,ORD-01740,INV-01740,0.7
LINE-01741,ORD-01741,INV-01741,0.92
LINE-01742,ORD-01742,INV-01742,0.33
LINE-01743,ORD-01743,INV-01743,1.78
LINE-01744,ORD-01744,INV-01744,1.4
LINE-01745,ORD-01745,INV-01745,1.81
LINE-01746,ORD-01746,INV-01746,1.96
LINE-01747,ORD-01747,INV-01747,0.98
LINE-01748,ORD-01748,INV-01748,0.63
LINE-01749,ORD-01749,INV-01749,1.36
LINE-01750,ORD-01750,INV-01750,0.92
LINE-01751,ORD-01751,INV-01751,1.94
LINE-01752,ORD-01752,INV-01752,0.44
LINE-01753,ORD-01753,INV-01753,0.4
LINE-01754,ORD-01754,INV-01754,0.66
LINE-01755,ORD-01755,INV-01755,0.89
LINE-01756,ORD-01756,INV-01756,1.51
LINE-01757,ORD-01757,INV-01757,1.65
LINE-01758,ORD-01758,INV-01758,1.97
LINE-01759,ORD-01759,INV-01759,1.94
LINE-01760,ORD-01760,INV-01760,0.79
LINE-01761,ORD-01761,INV-01761,1.73
LINE-01762,ORD-01762,INV-01762,0.7
LINE-01763,ORD-01763,INV-01763,0.86
LINE-01764,ORD-01764,INV-01764,1.93
LINE-01765,ORD-01765,INV-01765,0.4
LINE-01766,ORD-01766,INV-01766,2.0
LINE-01767,ORD-01767,INV-01767,1.19
LINE-01768,ORD-01768,INV-01768,0.54
LINE-01769,ORD-01769,INV-01769,0.81
LINE-01770,ORD-01770,INV-01770,0.43
LINE-01771,ORD-01771,INV-01771,1.44
LINE-01772,ORD-01772,INV-01772,1.7
LINE-01773,ORD-01773,INV-01773,1.42
LINE-01774,ORD-01774,INV-01774,0.57
LINE-01775,ORD-01775,INV-01775,1.04
LINE-01776,ORD-01776,INV-01776,0.26
LINE-01777,ORD-01777,INV-01777,0.94
LINE-01778,ORD-01778,INV-01778,0.98
LINE-01779,ORD-01779,INV-01779,1.67
LINE-01780,ORD-01780,INV-01780,1.89
LINE-01781,ORD-01781,INV-01781,1.88
LINE-01782,ORD-01782,INV-01782,1.62
LINE-01783,ORD-01783,INV-01783,1.92
LINE-01784,ORD-01784,INV-01784,1.75
LINE-01785,ORD-01785,INV-01785,0.73
LINE-01786,ORD-01786,INV-01786,0.38
LINE-01787,ORD-01787,INV-01787,1.87
LINE-01788,ORD-01788,INV-01788,1.79
LINE-01789,ORD-01789,INV-01789,1.8
LINE-01790,ORD-01790,INV-01790,0.97
LINE-01791,ORD-01791,INV-01791,1.21
LINE-01792,ORD-01792,INV-01792,1.14
LINE-01793,ORD-01793,INV-01793,1.73
LINE-01794,ORD-01794,INV-01794,1.63
LINE-01795,ORD-01795,INV-01795,0.76
LINE-01796,ORD-01796,INV-01796,1.07
LINE-01797,ORD-01797,INV-01797,0.39
LINE-01798,ORD-01798,INV-01798,0.53
LINE-01799,ORD-01799,INV-01799,0.36
LINE-01800,ORD-01800,INV-01800,0.61
