id,buyer_id,status
ORD-00001,BYR-0011,Reserved
ORD-00002,BYR-0038,Reserved
ORD-00003,BYR-0025,Reserved
ORD-00004,BYR-0048,Reserved
ORD-00005,BYR-0050,Reserved
ORD-00006,BYR-0012,Reserved
ORD-00007,BYR-0037,Reserved
ORD-00008,BYR-0008,Reserved
ORD-00009,BYR-0093,Reserved
ORD-00010,BYR-0031,Reserved
ORD-00011,BYR-0071,Reserved
ORD-00012,BYR-0038,Reserved
ORD-00013,BYR-0041,Reserved
ORD-00014,BYR-0084,Reserved
ORD-00015,BYR-0032,Reserved
ORD-00016,BYR-0083,Reserved
ORD-00017,BYR-0011,Reserved
ORD-00018,BYR-0076,Reserved
ORD-00019,BYR-0066,Reserved
ORD-00020,BYR-0097,Reserved
ORD-00021,BYR-0007,Reserved
ORD-00022,BYR-0062,Reserved
ORD-00023,BYR-0036,Reserved
ORD-00024,BYR-0054,Reserved
ORD-00025,BYR-0097,Reserved
ORD-00026,BYR-0099,Reserved
ORD-00027,BYR-0071,Reserved
ORD-00028,BYR-0083,Reserved
ORD-00029,BYR-0018,Reserved
ORD-00030,BYR-0025,Reserved
ORD-00031,BYR-0041,Reserved
ORD-00032,BYR-0040,Reserved
ORD-00033,BYR-0053,Reserved
ORD-00034,BYR-0076,Reserved
ORD-00035,BYR-0041,Reserved
ORD-00036,BYR-0087,Reserved
ORD-00037,BYR-0013,Reserved
ORD-00038,BYR-0005,Reserved
ORD-00039,BYR-0001,Reserved
ORD-00040,BYR-0026,Reserved
ORD-00041,BYR-0094,Reserved
ORD-00042,BYR-0099,Reserved
ORD-00043,BYR-0003,Reserved
ORD-00044,BYR-0059,Reserved
ORD-00045,BYR-0097,Reserved
ORD-00046,BYR-0052,Reserved
ORD-00047,BYR-0024,Reserved
ORD-00048,BYR-0001,Reserved
ORD-00049,BYR-0048,Reserved
ORD-00050,BYR-0036,Reserved
ORD-00051,BYR-0043,Reserved
ORD-00052,BYR-0096,Reserved
ORD-00053,BYR-0076,Reserved
ORD-00054,BYR-0049,Reserved
ORD-00055,BYR-0057,Reserved
ORD-00056,BYR-0010,Reserved
ORD-00057,BYR-0043,Reserved
ORD-00058,BYR-0003,Reserved
ORD-00059,BYR-0089,Reserved
ORD-00060,BYR-0006,Reserved
ORD-00061,BYR-0056,Reserved
ORD-00062,BYR-0056,Reserved
ORD-00063,BYR-0086,Reserved
ORD-00064,BYR-0050,Reserved
ORD-00065,BYR-0055,Reserved
ORD-00066,BYR-0035,Reserved
ORD-00067,BYR-0012,Reserved
ORD-00068,BYR-0010,Reserved
ORD-00069,BYR-0002,Reserved
ORD-00070,BYR-0083,Reserved
ORD-00071,BYR-0051,Reserved
ORD-00072,BYR-0048,Reserved
ORD-00073,BYR-0039,Reserved
ORD-00074,BYR-0012,Reserved
ORD-00075,BYR-0091,Reserved
ORD-00076,BYR-0012,Reserved
ORD-00077,BYR-0091,Reserved
ORD-00078,BYR-0029,Reserved
ORD-00079,BYR-0037,Reserved
ORD-00080,BYR-0001,Reserved
ORD-00081,BYR-0058,Reserved
ORD-00082,BYR-0070,Reserved
ORD-00083,BYR-0042,Reserved
ORD-00084,BYR-0013,Reserved
ORD-00085,BYR-0052,Reserved
ORD-00086,BYR-0079,Reserved
ORD-00087,BYR-0076,Reserved
ORD-00088,BYR-0035,Reserved
ORD-00089,BYR-0099,Reserved
ORD-00090,BYR-0080,Reserved
ORD-00091,BYR-0061,Reserved
ORD-00092,BYR-0006,Reserved
ORD-00093,BYR-0067,Reserved
ORD-00094,BYR-0079,Reserved
ORD-00095,BYR-0002,Reserved
ORD-00096,BYR-0048,Reserved
ORD-00097,BYR-0099,Reserved
ORD-00098,BYR-0072,Reserved
ORD-00099,BYR-0098,Reserved
ORD-00100,BYR-0025,Reserved
ORD-00101,BYR-0056,Reserved
ORD-00102,BYR-0054,Reserved
ORD-00103,BYR-0071,Reserved
ORD-00104,BYR-0026,Reserved
ORD-00105,BYR-0038,Reserved
ORD-00106,BYR-0071,Reserved
ORD-00107,BYR-0019,Reserved
ORD-00108,BYR-0049,Reserved
ORD-00109,BYR-0069,Reserved
ORD-00110,BYR-0093,Reserved
ORD-00111,BYR-0073,Reserved
ORD-00112,BYR-0073,Reserved
ORD-00113,BYR-0080,Reserved
ORD-00114,BYR-0052,Reserved
ORD-00115,BYR-0021,Reserved
ORD-00116,BYR-0050,Reserved
ORD-00117,BYR-0078,Reserved
ORD-00118,BYR-0059,Reserved
ORD-00119,BYR-0002,Reserved
ORD-00120,BYR-0068,Reserved
ORD-00121,BYR-0030,Reserved
ORD-00122,BYR-0070,Reserved
ORD-00123,BYR-0056,Reserved
ORD-00124,BYR-0072,Reserved
ORD-00125,BYR-0072,Reserved
ORD-00126,BYR-0067,Reserved
ORD-00127,BYR-0082,Reserved
ORD-00128,BYR-0073,Reserved
ORD-00129,BYR-0016,Reserved
ORD-00130,BYR-0061,Reserved
ORD-00131,BYR-0068,Reserved
ORD-00132,BYR-0088,Reserved
ORD-00133,BYR-0085,Reserved
ORD-00134,BYR-0083,Reserved
ORD-00135,BYR-0063,Reserved
ORD-00136,BYR-0079,Reserved
ORD-00137,BYR-0010,Reserved
ORD-00138,BYR-0047,Reserved
ORD-00139,BYR-0004,Reserved
ORD-00140,BYR-0048,Reserved
ORD-00141,BYR-0076,Reserved
ORD-00142,BYR-0055,Reserved
ORD-00143,BYR-0024,Reserved
ORD-00144,BYR-0047,Reserved
ORD-00145,BYR-0059,Reserved
ORD-00146,BYR-0010,Reserved
ORD-00147,BYR-0073,Reserved
ORD-00148,BYR-0059,Reserved
ORD-00149,BYR-0049,Reserved
ORD-00150,BYR-0003,Reserved
ORD-00151,BYR-0089,Reserved
ORD-00152,BYR-0077,Reserved
ORD-00153,BYR-0031,Reserved
ORD-00154,BYR-0017,Reserved
ORD-00155,BYR-0003,Reserved
ORD-00156,BYR-0012,Reserved
ORD-00157,BYR-0017,Reserved
ORD-00158,BYR-0056,Reserved
ORD-00159,BYR-0090,Reserved
ORD-00160,BYR-0098,Reserved
ORD-00161,BYR-0046,Reserved
ORD-00162,BYR-0059,Reserved
ORD-00163,BYR-0081,Reserved
ORD-00164,BYR-0067,Reserved
ORD-00165,BYR-0074,Reserved
ORD-00166,BYR-0072,Reserved
ORD-00167,BYR-0024,Reserved
ORD-00168,BYR-0049,Reserved
ORD-00169,BYR-0002,Reserved
ORD-00170,BYR-0039,Reserved
ORD-00171,BYR-0011,Reserved
ORD-00172,BYR-0071,Reserved
ORD-00173,BYR-0001,Reserved
ORD-00174,BYR-0098,Reserved
ORD-00175,BYR-0074,Reserved
ORD-00176,BYR-0048,Reserved
ORD-00177,BYR-0018,Reserved
ORD-00178,BYR-0010,Reserved
ORD-00179,BYR-0060,Reserved
ORD-00180,BYR-0047,Reserved
ORD-00181,BYR-0043,Reserved
ORD-00182,BYR-0066,Reserved
ORD-00183,BYR-0041,Reserved
ORD-00184,BYR-0016,Reserved
ORD-00185,BYR-0059,Reserved
ORD-00186,BYR-0063,Reserved
ORD-00187,BYR-0059,Reserved
ORD-00188,BYR-0038,Reserved
ORD-00189,BYR-0091,Reserved
ORD-00190,BYR-0012,Reserved
ORD-00191,BYR-0086,Reserved
ORD-00192,BYR-0096,Reserved
ORD-00193,BYR-0018,Reserved
ORD-00194,BYR-0063,Reserved
ORD-00195,BYR-0038,Reserved
ORD-00196,BYR-0050,Reserved
ORD-00197,BYR-0078,Reserved
ORD-00198,BYR-0024,Reserved
ORD-00199,BYR-0010,Reserved
ORD-00200,BYR-0013,Reserved
ORD-00201,BYR-0070,Reserved
ORD-00202,BYR-0087,Reserved
ORD-00203,BYR-0083,Reserved
ORD-00204,BYR-0071,Reserved
ORD-00205,BYR-0019,Reserved
ORD-00206,BYR-0036,Reserved
ORD-00207,BYR-0012,Reserved
ORD-00208,BYR-0078,Reserved
ORD-00209,BYR-0092,Reserved
ORD-00210,BYR-0076,Reserved
ORD-00211,BYR-0052,Reserved
ORD-00212,BYR-0018,Reserved
ORD-00213,BYR-0056,Reserved
ORD-00214,BYR-0035,Reserved
ORD-00215,BYR-0023,Reserved
ORD-00216,BYR-0021,Reserved
ORD-00217,BYR-0019,Reserved
ORD-00218,BYR-0078,Reserved
ORD-00219,BYR-0062,Reserved
ORD-00220,BYR-0043,Reserved
ORD-00221,BYR-0066,Reserved
ORD-00222,BYR-0076,Reserved
ORD-00223,BYR-0010,Reserved
ORD-00224,BYR-0058,Reserved
ORD-00225,BYR-0007,Reserved
ORD-00226,BYR-0091,Reserved
ORD-00227,BYR-0034,Reserved
ORD-00228,BYR-0093,Reserved
ORD-00229,BYR-0094,Reserved
ORD-00230,BYR-0047,Reserved
ORD-00231,BYR-0035,Reserved
ORD-00232,BYR-0017,Reserved
ORD-00233,BYR-0014,Reserved
ORD-00234,BYR-0071,Reserved
ORD-00235,BYR-0045,Reserved
ORD-00236,BYR-0088,Reserved
ORD-00237,BYR-0038,Reserved
ORD-00238,BYR-0048,Reserved
ORD-00239,BYR-0063,Reserved
ORD-00240,BYR-0006,Reserved
ORD-00241,BYR-0041,Reserved
ORD-00242,BYR-0056,Reserved
ORD-00243,BYR-0100,Reserved
ORD-00244,BYR-0065,Reserved
ORD-00245,BYR-0017,Reserved
ORD-00246,BYR-0001,Reserved
ORD-00247,BYR-0074,Reserved
ORD-00248,BYR-0019,Reserved
ORD-00249,BYR-0017,Reserved
ORD-00250,BYR-0047,Reserved
ORD-00251,BYR-0064,Reserved
ORD-00252,BYR-0001,Reserved
ORD-00253,BYR-0091,Reserved
ORD-00254,BYR-0074,Reserved
ORD-00255,BYR-0003,Reserved
ORD-00256,BYR-0094,Reserved
ORD-00257,BYR-0007,Reserved
ORD-00258,BYR-0009,Reserved
ORD-00259,BYR-0081,Reserved
ORD-00260,BYR-0052,Reserved
ORD-00261,BYR-0029,Reserved
ORD-00262,BYR-0091,Reserved
ORD-00263,BYR-0044,Reserved
ORD-00264,BYR-0053,Reserved
ORD-00265,BYR-0036,Reserved
ORD-00266,BYR-0007,Reserved
ORD-00267,BYR-0059,Reserved
ORD-00268,BYR-0022,Reserved
ORD-00269,BYR-0028,Reserved
ORD-00270,BYR-0018,Reserved
ORD-00271,BYR-0036,Reserved
ORD-00272,BYR-0061,Reserved
ORD-00273,BYR-0023,Reserved
ORD-00274,BYR-0065,Reserved
ORD-00275,BYR-0021,Reserved
ORD-00276,BYR-0072,Reserved
ORD-00277,BYR-0079,Reserved
ORD-00278,BYR-0042,Reserved
ORD-00279,BYR-0093,Reserved
ORD-00280,BYR-0036,Reserved
ORD-00281,BYR-0001,Reserved
ORD-00282,BYR-0008,Reserved
ORD-00283,BYR-0012,Reserved
ORD-00284,BYR-0063,Reserved
ORD-00285,BYR-0067,Reserved
ORD-00286,BYR-0084,Reserved
ORD-00287,BYR-0067,Reserved
ORD-00288,BYR-0024,Reserved
ORD-00289,BYR-0021,Reserved
ORD-00290,BYR-0089,Reserved
ORD-00291,BYR-0034,Reserved
ORD-00292,BYR-0092,Reserved
ORD-00293,BYR-0058,Reserved
ORD-00294,BYR-0031,Reserved
ORD-00295,BYR-0012,Reserved
ORD-00296,BYR-0018,Reserved
ORD-00297,BYR-0054,Reserved
ORD-00298,BYR-0010,Reserved
ORD-00299,BYR-0050,Reserved
ORD-00300,BYR-0070,Reserved
ORD-00301,BYR-0099,Reserved
ORD-00302,BYR-0048,Reserved
ORD-00303,BYR-0001,Reserved
ORD-00304,BYR-0062,Reserved
ORD-00305,BYR-0009,Reserved
ORD-00306,BYR-0008,Reserved
ORD-00307,BYR-0045,Reserved
ORD-00308,BYR-0072,Reserved
ORD-00309,BYR-0083,Reserved
ORD-00310,BYR-0090,Reserved
ORD-00311,BYR-0097,Reserved
ORD-00312,BYR-0008,Reserved
ORD-00313,BYR-0012,Reserved
ORD-00314,BYR-0015,Reserved
ORD-00315,BYR-0074,Reserved
ORD-00316,BYR-0048,Reserved
ORD-00317,BYR-0001,Reserved
ORD-00318,BYR-0079,Reserved
ORD-00319,BYR-0023,Reserved
ORD-00320,BYR-0060,Reserved
ORD-00321,BYR-0014,Reserved
ORD-00322,BYR-0085,Reserved
ORD-00323,BYR-0012,Reserved
ORD-00324,BYR-0041,Reserved
ORD-00325,BYR-0024,Reserved
ORD-00326,BYR-0055,Reserved
ORD-00327,BYR-0011,Reserved
ORD-00328,BYR-0096,Reserved
ORD-00329,BYR-0006,Reserved
ORD-00330,BYR-0096,Reserved
ORD-00331,BYR-0047,Reserved
ORD-00332,BYR-0030,Reserved
ORD-00333,BYR-0057,Reserved
ORD-00334,BYR-0007,Reserved
ORD-00335,BYR-0073,Reserved
ORD-00336,BYR-0018,Reserved
ORD-00337,BYR-0026,Reserved
ORD-00338,BYR-0006,Reserved
ORD-00339,BYR-0005,Reserved
ORD-00340,BYR-0060,Reserved
ORD-00341,BYR-0010,Reserved
ORD-00342,BYR-0056,Reserved
ORD-00343,BYR-0076,Reserved
ORD-00344,BYR-0041,Reserved
ORD-00345,BYR-0088,Reserved
ORD-00346,BYR-0002,Reserved
ORD-00347,BYR-0001,Reserved
ORD-00348,BYR-0062,Reserved
ORD-00349,BYR-0033,Reserved
ORD-00350,BYR-0090,Reserved
ORD-00351,BYR-0084,Reserved
ORD-00352,BYR-0012,Reserved
ORD-00353,BYR-0065,Reserved
ORD-00354,BYR-0074,Reserved
ORD-00355,BYR-0040,Reserved
ORD-00356,BYR-0072,Reserved
ORD-00357,BYR-0092,Reserved
ORD-00358,BYR-0042,Reserved
ORD-00359,BYR-0090,Reserved
ORD-00360,BYR-0038,Reserved
ORD-00361,BYR-0030,Reserved
ORD-00362,BYR-0083,Reserved
ORD-00363,BYR-0019,Reserved
ORD-00364,BYR-0073,Reserved
ORD-00365,BYR-0067,Reserved
ORD-00366,BYR-0060,Reserved
ORD-00367,BYR-0053,Reserved
ORD-00368,BYR-0076,Reserved
ORD-00369,BYR-0072,Reserved
ORD-00370,BYR-0074,Reserved
ORD-00371,BYR-0028,Reserved
ORD-00372,BYR-0053,Reserved
ORD-00373,BYR-0045,Reserved
ORD-00374,BYR-0017,Reserved
ORD-00375,BYR-0077,Reserved
ORD-00376,BYR-0033,Reserved
ORD-00377,BYR-0036,Reserved
ORD-00378,BYR-0061,Reserved
ORD-00379,BYR-0099,Reserved
ORD-00380,BYR-0015,Reserved
ORD-00381,BYR-0053,Reserved
ORD-00382,BYR-0094,Reserved
ORD-00383,BYR-0012,Reserved
ORD-00384,BYR-0080,Reserved
ORD-00385,BYR-0093,Reserved
ORD-00386,BYR-0066,Reserved
ORD-00387,BYR-0019,Reserved
ORD-00388,BYR-0061,Reserved
ORD-00389,BYR-0026,Reserved
ORD-00390,BYR-0040,Reserved
ORD-00391,BYR-0069,Reserved
ORD-00392,BYR-0011,Reserved
ORD-00393,BYR-0028,Reserved
ORD-00394,BYR-0099,Reserved
ORD-00395,BYR-0093,Reserved
ORD-00396,BYR-0100,Reserved
ORD-00397,BYR-0010,Reserved
ORD-00398,BYR-0005,Reserved
ORD-00399,BYR-0034,Reserved
ORD-00400,BYR-0043,Reserved
ORD-00401,BYR-0006,Reserved
ORD-00402,BYR-0020,Reserved
ORD-00403,BYR-0046,Reserved
ORD-00404,BYR-0100,Reserved
ORD-00405,BYR-0072,Reserved
ORD-00406,BYR-0085,Reserved
ORD-00407,BYR-0079,Reserved
ORD-00408,BYR-0052,Reserved
ORD-00409,BYR-0029,Reserved
ORD-00410,BYR-0088,Reserved
ORD-00411,BYR-0024,Reserved
ORD-00412,BYR-0009,Reserved
ORD-00413,BYR-0060,Reserved
ORD-00414,BYR-0038,Reserved
ORD-00415,BYR-0028,Reserved
ORD-00416,BYR-0094,Reserved
ORD-00417,BYR-0047,Reserved
ORD-00418,BYR-0057,Reserved
ORD-00419,BYR-0033,Reserved
ORD-00420,BYR-0068,Reserved
ORD-00421,BYR-0098,Reserved
ORD-00422,BYR-0031,Reserved
ORD-00423,BYR-0044,Reserved
ORD-00424,BYR-0020,Reserved
ORD-00425,BYR-0054,Reserved
ORD-00426,BYR-0068,Reserved
ORD-00427,BYR-0008,Reserved
ORD-00428,BYR-0052,Reserved
ORD-00429,BYR-0035,Reserved
ORD-00430,BYR-0070,Reserved
ORD-00431,BYR-0056,Reserved
ORD-00432,BYR-0005,Reserved
ORD-00433,BYR-0096,Reserved
ORD-00434,BYR-0055,Reserved
ORD-00435,BYR-0058,Reserved
ORD-00436,BYR-0025,Reserved
ORD-00437,BYR-0076,Reserved
ORD-00438,BYR-0071,Reserved
ORD-00439,BYR-0029,Reserved
ORD-00440,BYR-0092,Reserved
ORD-00441,BYR-0033,Reserved
ORD-00442,BYR-0039,Reserved
ORD-00443,BYR-0070,Reserved
ORD-00444,BYR-0065,Reserved
ORD-00445,BYR-0025,Reserved
ORD-00446,BYR-0071,Reserved
ORD-00447,BYR-0039,Reserved
ORD-00448,BYR-0023,Reserved
ORD-00449,BYR-0041,Reserved
ORD-00450,BYR-0030,Reserved
ORD-00451,BYR-0049,Reserved
ORD-00452,BYR-0081,Reserved
ORD-00453,BYR-0039,Reserved
ORD-00454,BYR-0052,Reserved
ORD-00455,BYR-0018,Reserved
ORD-00456,BYR-0070,Reserved
ORD-00457,BYR-0007,Reserved
ORD-00458,BYR-0043,Reserved
ORD-00459,BYR-0043,Reserved
ORD-00460,BYR-0007,Reserved
ORD-00461,BYR-0058,Reserved
ORD-00462,BYR-0057,Reserved
ORD-00463,BYR-0036,Reserved
ORD-00464,BYR-0091,Reserved
ORD-00465,BYR-0007,Reserved
ORD-00466,BYR-0051,Reserved
ORD-00467,BYR-0047,Reserved
ORD-00468,BYR-0058,Reserved
ORD-00469,BYR-0080,Reserved
ORD-00470,BYR-0043,Reserved
ORD-00471,BYR-0046,Reserved
ORD-00472,BYR-0011,Reserved
ORD-00473,BYR-0047,Reserved
ORD-00474,BYR-0051,Reserved
ORD-00475,BYR-0021,Reserved
ORD-00476,BYR-0027,Reserved
ORD-00477,BYR-0073,Reserved
ORD-00478,BYR-0024,Reserved
ORD-00479,BYR-0094,Reserved
ORD-00480,BYR-0002,Reserved
ORD-00481,BYR-0077,Reserved
ORD-00482,BYR-0005,Reserved
ORD-00483,BYR-0070,Reserved
ORD-00484,BYR-0043,Reserved
ORD-00485,BYR-0099,Reserved
ORD-00486,BYR-0042,Reserved
ORD-00487,BYR-0014,Reserved
ORD-00488,BYR-0006,Reserved
ORD-00489,BYR-0064,Reserved
ORD-00490,BYR-0081,Reserved
ORD-00491,BYR-0090,Reserved
ORD-00492,BYR-0040,Reserved
ORD-00493,BYR-0094,Reserved
ORD-00494,BYR-0004,Reserved
ORD-00495,BYR-0086,Reserved
ORD-00496,BYR-0077,Reserved
ORD-00497,BYR-0014,Reserved
ORD-00498,BYR-0030,Reserved
ORD-00499,BYR-0013,Reserved
ORD-00500,BYR-0011,Reserved
ORD-00501,BYR-0013,Reserved
ORD-00502,BYR-0060,Reserved
ORD-00503,BYR-0100,Reserved
ORD-00504,BYR-0065,Reserved
ORD-00505,BYR-0050,Reserved
ORD-00506,BYR-0013,Reserved
ORD-00507,BYR-0077,Reserved
ORD-00508,BYR-0088,Reserved
ORD-00509,BYR-0003,Reserved
ORD-00510,BYR-0019,Reserved
ORD-00511,BYR-0043,Reserved
ORD-00512,BYR-0038,Reserved
ORD-00513,BYR-0091,Reserved
ORD-00514,BYR-0057,Reserved
ORD-00515,BYR-0088,Reserved
ORD-00516,BYR-0050,Reserved
ORD-00517,BYR-0007,Reserved
ORD-00518,BYR-0088,Reserved
ORD-00519,BYR-0090,Reserved
ORD-00520,BYR-0023,Reserved
ORD-00521,BYR-0022,Reserved
ORD-00522,BYR-0082,Reserved
ORD-00523,BYR-0004,Reserved
ORD-00524,BYR-0052,Reserved
ORD-00525,BYR-0092,Reserved
ORD-00526,BYR-0080,Reserved
ORD-00527,BYR-0048,Reserved
ORD-00528,BYR-0030,Reserved
ORD-00529,BYR-0041,Reserved
ORD-00530,BYR-0035,Reserved
ORD-00531,BYR-0090,Reserved
ORD-00532,BYR-0011,Reserved
ORD-00533,BYR-0088,Reserved
ORD-00534,BYR-0023,Reserved
ORD-00535,BYR-0001,Reserved
ORD-00536,BYR-0011,Reserved
ORD-00537,BYR-0086,Reserved
ORD-00538,BYR-0018,Reserved
ORD-00539,BYR-0024,Reserved
ORD-00540,BYR-0057,Reserved
ORD-00541,BYR-0041,Reserved
ORD-00542,BYR-0073,Reserved
ORD-00543,BYR-0046,Reserved
ORD-00544,BYR-0008,Reserved
ORD-00545,BYR-0002,Reserved
ORD-00546,BYR-0021,Reserved
ORD-00547,BYR-0054,Reserved
ORD-00548,BYR-0098,Reserved
ORD-00549,BYR-0090,Reserved
ORD-00550,BYR-0007,Reserved
ORD-00551,BYR-0011,Reserved
ORD-00552,BYR-0041,Reserved
ORD-00553,BYR-0015,Reserved
ORD-00554,BYR-0044,Reserved
ORD-00555,BYR-0028,Reserved
ORD-00556,BYR-0093,Reserved
ORD-00557,BYR-0024,Reserved
ORD-00558,BYR-0045,Reserved
ORD-00559,BYR-0084,Reserved
ORD-00560,BYR-0088,Reserved
ORD-00561,BYR-0088,Reserved
ORD-00562,BYR-0076,Reserved
ORD-00563,BYR-0034,Reserved
ORD-00564,BYR-0057,Reserved
ORD-00565,BYR-0082,Reserved
ORD-00566,BYR-0080,Reserved
ORD-00567,BYR-0044,Reserved
ORD-00568,BYR-0005,Reserved
ORD-00569,BYR-0057,Reserved
ORD-00570,BYR-0037,Reserved
ORD-00571,BYR-0006,Reserved
ORD-00572,BYR-0064,Reserved
ORD-00573,BYR-0013,Reserved
ORD-00574,BYR-0098,Reserved
ORD-00575,BYR-0057,Reserved
ORD-00576,BYR-0091,Reserved
ORD-00577,BYR-0025,Reserved
ORD-00578,BYR-0017,Reserved
ORD-00579,BYR-0060,Reserved
ORD-00580,BYR-0077,Reserved
ORD-00581,BYR-0071,Reserved
ORD-00582,BYR-0007,Reserved
ORD-00583,BYR-0046,Reserved
ORD-00584,BYR-0091,Reserved
ORD-00585,BYR-0096,Reserved
ORD-00586,BYR-0076,Reserved
ORD-00587,BYR-0087,Reserved
ORD-00588,BYR-0047,Reserved
ORD-00589,BYR-0083,Reserved
ORD-00590,BYR-0004,Reserved
ORD-00591,BYR-0030,Reserved
ORD-00592,BYR-0086,Reserved
ORD-00593,BYR-0097,Reserved
ORD-00594,BYR-0009,Reserved
ORD-00595,BYR-0007,Reserved
ORD-00596,BYR-0002,Reserved
ORD-00597,BYR-0051,Reserved
ORD-00598,BYR-0037,Reserved
ORD-00599,BYR-0087,Reserved
ORD-00600,BYR-0080,Reserved
ORD-00601,BYR-0028,Reserved
ORD-00602,BYR-0039,Reserved
ORD-00603,BYR-0099,Reserved
ORD-00604,BYR-0093,Reserved
ORD-00605,BYR-0002,Reserved
ORD-00606,BYR-0027,Reserved
ORD-00607,BYR-0089,Reserved
ORD-00608,BYR-0075,Reserved
ORD-00609,BYR-0016,Reserved
ORD-00610,BYR-0001,Reserved
ORD-00611,BYR-0036,Reserved
ORD-00612,BYR-0045,Reserved
ORD-00613,BYR-0017,Reserved
ORD-00614,BYR-0005,Reserved
ORD-00615,BYR-0028,Reserved
ORD-00616,BYR-0055,Reserved
ORD-00617,BYR-0006,Reserved
ORD-00618,BYR-0065,Reserved
ORD-00619,BYR-0079,Reserved
ORD-00620,BYR-0090,Reserved
ORD-00621,BYR-0098,Reserved
ORD-00622,BYR-0037,Reserved
ORD-00623,BYR-0009,Reserved
ORD-00624,BYR-0010,Reserved
ORD-00625,BYR-0070,Reserved
ORD-00626,BYR-0039,Reserved
ORD-00627,BYR-0081,Reserved
ORD-00628,BYR-0079,Reserved
ORD-00629,BYR-0013,Reserved
ORD-00630,BYR-0029,Reserved
ORD-00631,BYR-0084,Reserved
ORD-00632,BYR-0044,Reserved
ORD-00633,BYR-0079,Reserved
ORD-00634,BYR-0079,Reserved
ORD-00635,BYR-0023,Reserved
ORD-00636,BYR-0070,Reserved
ORD-00637,BYR-0046,Reserved
ORD-00638,BYR-0045,Reserved
ORD-00639,BYR-0098,Reserved
ORD-00640,BYR-0097,Reserved
ORD-00641,BYR-0032,Reserved
ORD-00642,BYR-0048,Reserved
ORD-00643,BYR-0088,Reserved
ORD-00644,BYR-0073,Reserved
ORD-00645,BYR-0044,Reserved
ORD-00646,BYR-0019,Reserved
ORD-00647,BYR-0006,Reserved
ORD-00648,BYR-0047,Reserved
ORD-00649,BYR-0050,Reserved
ORD-00650,BYR-0010,Reserved
ORD-00651,BYR-0005,Reserved
ORD-00652,BYR-0008,Reserved
ORD-00653,BYR-0053,Reserved
ORD-00654,BYR-0063,Reserved
ORD-00655,BYR-0073,Reserved
ORD-00656,BYR-0074,Reserved
ORD-00657,BYR-0002,Reserved
ORD-00658,BYR-0083,Reserved
ORD-00659,BYR-0003,Reserved
ORD-00660,BYR-0051,Reserved
ORD-00661,BYR-0074,Reserved
ORD-00662,BYR-0055,Reserved
ORD-00663,BYR-0071,Reserved
ORD-00664,BYR-0008,Reserved
ORD-00665,BYR-0010,Reserved
ORD-00666,BYR-0070,Reserved
ORD-00667,BYR-0050,Reserved
ORD-00668,BYR-0092,Reserved
ORD-00669,BYR-0057,Reserved
ORD-00670,BYR-0062,Reserved
ORD-00671,BYR-0034,Reserved
ORD-00672,BYR-0006,Reserved
ORD-00673,BYR-0100,Reserved
ORD-00674,BYR-0090,Reserved
ORD-00675,BYR-0031,Reserved
ORD-00676,BYR-0062,Reserved
ORD-00677,BYR-0065,Reserved
ORD-00678,BYR-0035,Reserved
ORD-00679,BYR-0089,Reserved
ORD-00680,BYR-0088,Reserved
ORD-00681,BYR-0017,Reserved
ORD-00682,BYR-0092,Reserved
ORD-00683,BYR-0028,Reserved
ORD-00684,BYR-0085,Reserved
ORD-00685,BYR-0025,Reserved
ORD-00686,BYR-0073,Reserved
ORD-00687,BYR-0037,Reserved
ORD-00688,BYR-0040,Reserved
ORD-00689,BYR-0075,Reserved
ORD-00690,BYR-0090,Reserved
ORD-00691,BYR-0048,Reserved
ORD-00692,BYR-0029,Reserved
ORD-00693,BYR-0003,Reserved
ORD-00694,BYR-0001,Reserved
ORD-00695,BYR-0051,Reserved
ORD-00696,BYR-0063,Reserved
ORD-00697,BYR-0059,Reserved
ORD-00698,BYR-0049,Reserved
ORD-00699,BYR-0098,Reserved
ORD-00700,BYR-0021,Reserved
ORD-00701,BYR-0043,Reserved
ORD-00702,BYR-0042,Reserved
ORD-00703,BYR-0002,Reserved
ORD-00704,BYR-0028,Reserved
ORD-00705,BYR-0021,Reserved
ORD-00706,BYR-0082,Reserved
ORD-00707,BYR-0045,Reserved
ORD-00708,BYR-0002,Reserved
ORD-00709,BYR-0010,Reserved
ORD-00710,BYR-0064,Reserved
ORD-00711,BYR-0028,Reserved
ORD-00712,BYR-0049,Reserved
ORD-00713,BYR-0041,Reserved
ORD-00714,BYR-0033,Reserved
ORD-00715,BYR-0017,Reserved
ORD-00716,BYR-0051,Reserved
ORD-00717,BYR-0024,Reserved
ORD-00718,BYR-0037,Reserved
ORD-00719,BYR-0014,Reserved
ORD-00720,BYR-0059,Reserved
ORD-00721,BYR-0069,Reserved
ORD-00722,BYR-0033,Reserved
ORD-00723,BYR-0024,Reserved
ORD-00724,BYR-0075,Reserved
ORD-00725,BYR-0008,Reserved
ORD-00726,BYR-0081,Reserved
ORD-00727,BYR-0024,Reserved
ORD-00728,BYR-0085,Reserved
ORD-00729,BYR-0074,Reserved
ORD-00730,BYR-0090,Reserved
ORD-00731,BYR-0100,Reserved
ORD-00732,BYR-0020,Reserved
ORD-00733,BYR-0029,Reserved
ORD-00734,BYR-0029,Reserved
ORD-00735,BYR-0040,Reserved
ORD-00736,BYR-0043,Reserved
ORD-00737,BYR-0013,Reserved
ORD-00738,BYR-0009,Reserved
ORD-00739,BYR-0002,Reserved
ORD-00740,BYR-0095,Reserved
ORD-00741,BYR-0005,Reserved
ORD-00742,BYR-0074,Reserved
ORD-00743,BYR-0006,Reserved
ORD-00744,BYR-0083,Reserved
ORD-00745,BYR-0054,Reserved
ORD-00746,BYR-0087,Reserved
ORD-00747,BYR-0006,Reserved
ORD-00748,BYR-0046,Reserved
ORD-00749,BYR-0032,Reserved
ORD-00750,BYR-0001,Reserved
ORD-00751,BYR-0082,Reserved
ORD-00752,BYR-0098,Reserved
ORD-00753,BYR-0070,Reserved
ORD-00754,BYR-0072,Reserved
ORD-00755,BYR-0053,Reserved
ORD-00756,BYR-0066,Reserved
ORD-00757,BYR-0033,Reserved
ORD-00758,BYR-0032,Reserved
ORD-00759,BYR-0002,Reserved
ORD-00760,BYR-0020,Reserved
ORD-00761,BYR-0015,Reserved
ORD-00762,BYR-0012,Reserved
ORD-00763,BYR-0050,Reserved
ORD-00764,BYR-0051,Reserved
ORD-00765,BYR-0057,Reserved
ORD-00766,BYR-0029,Reserved
ORD-00767,BYR-0018,Reserved
ORD-00768,BYR-0079,Reserved
ORD-00769,BYR-0001,Reserved
ORD-00770,BYR-0037,Reserved
ORD-00771,BYR-0087,Reserved
ORD-00772,BYR-0043,Reserved
ORD-00773,BYR-0059,Reserved
ORD-00774,BYR-0043,Reserved
ORD-00775,BYR-0097,Reserved
ORD-00776,BYR-0073,Reserved
ORD-00777,BYR-0072,Reserved
ORD-00778,BYR-0070,Reserved
ORD-00779,BYR-0058,Reserved
ORD-00780,BYR-0042,Reserved
ORD-00781,BYR-0073,Reserved
ORD-00782,BYR-0024,Reserved
ORD-00783,BYR-0012,Reserved
ORD-00784,BYR-0022,Reserved
ORD-00785,BYR-0076,Reserved
ORD-00786,BYR-0095,Reserved
ORD-00787,BYR-0076,Reserved
ORD-00788,BYR-0099,Reserved
ORD-00789,BYR-0055,Reserved
ORD-00790,BYR-0040,Reserved
ORD-00791,BYR-0022,Reserved
ORD-00792,BYR-0051,Reserved
ORD-00793,BYR-0006,Reserved
ORD-00794,BYR-0030,Reserved
ORD-00795,BYR-0031,Reserved
ORD-00796,BYR-0054,Reserved
ORD-00797,BYR-0086,Reserved
ORD-00798,BYR-0023,Reserved
ORD-00799,BYR-0002,Reserved
ORD-00800,BYR-0089,Reserved
ORD-00801,BYR-0019,Reserved
ORD-00802,BYR-0059,Reserved
ORD-00803,BYR-0048,Reserved
ORD-00804,BYR-0046,Reserved
ORD-00805,BYR-0067,Reserved
ORD-00806,BYR-0024,Reserved
ORD-00807,BYR-0010,Reserved
ORD-00808,BYR-0033,Reserved
ORD-00809,BYR-0060,Reserved
ORD-00810,BYR-0060,Reserved
ORD-00811,BYR-0004,Reserved
ORD-00812,BYR-0089,Reserved
ORD-00813,BYR-0077,Reserved
ORD-00814,BYR-0017,Reserved
ORD-00815,BYR-0001,Reserved
ORD-00816,BYR-0057,Reserved
ORD-00817,BYR-0015,Reserved
ORD-00818,BYR-0012,Reserved
ORD-00819,BYR-0045,Reserved
ORD-00820,BYR-0021,Reserved
ORD-00821,BYR-0029,Reserved
ORD-00822,BYR-0092,Reserved
ORD-00823,BYR-0097,Reserved
ORD-00824,BYR-0071,Reserved
ORD-00825,BYR-0001,Reserved
ORD-00826,BYR-0024,Reserved
ORD-00827,BYR-0025,Reserved
ORD-00828,BYR-0056,Reserved
ORD-00829,BYR-0090,Reserved
ORD-00830,BYR-0022,Reserved
ORD-00831,BYR-0013,Reserved
ORD-00832,BYR-0083,Reserved
ORD-00833,BYR-0078,Reserved
ORD-00834,BYR-0093,Reserved
ORD-00835,BYR-0085,Reserved
ORD-00836,BYR-0022,Reserved
ORD-00837,BYR-0009,Reserved
ORD-00838,BYR-0046,Reserved
ORD-00839,BYR-0068,Reserved
ORD-00840,BYR-0016,Reserved
ORD-00841,BYR-0067,Reserved
ORD-00842,BYR-0074,Reserved
ORD-00843,BYR-0063,Reserved
ORD-00844,BYR-0093,Reserved
ORD-00845,BYR-0001,Reserved
ORD-00846,BYR-0088,Reserved
ORD-00847,BYR-0047,Reserved
ORD-00848,BYR-0073,Reserved
ORD-00849,BYR-0013,Reserved
ORD-00850,BYR-0056,Reserved
ORD-00851,BYR-0014,Reserved
ORD-00852,BYR-0099,Reserved
ORD-00853,BYR-0015,Reserved
ORD-00854,BYR-0065,Reserved
ORD-00855,BYR-0056,Reserved
ORD-00856,BYR-0028,Reserved
ORD-00857,BYR-0069,Reserved
ORD-00858,BYR-0048,Reserved
ORD-00859,BYR-0043,Reserved
ORD-00860,BYR-0071,Reserved
ORD-00861,BYR-0071,Reserved
ORD-00862,BYR-0011,Reserved
ORD-00863,BYR-0094,Reserved
ORD-00864,BYR-0076,Reserved
ORD-00865,BYR-0041,Reserved
ORD-00866,BYR-0073,Reserved
ORD-00867,BYR-0096,Reserved
ORD-00868,BYR-0060,Reserved
ORD-00869,BYR-0089,Reserved
ORD-00870,BYR-0061,Reserved
ORD-00871,BYR-0022,Reserved
ORD-00872,BYR-0091,Reserved
ORD-00873,BYR-0089,Reserved
ORD-00874,BYR-0013,Reserved
ORD-00875,BYR-0049,Reserved
ORD-00876,BYR-0072,Reserved
ORD-00877,BYR-0067,Reserved
ORD-00878,BYR-0006,Reserved
ORD-00879,BYR-0091,Reserved
ORD-00880,BYR-0007,Reserved
ORD-00881,BYR-0097,Reserved
ORD-00882,BYR-0099,Reserved
ORD-00883,BYR-0044,Reserved
ORD-00884,BYR-0031,Reserved
ORD-00885,BYR-0062,Reserved
ORD-00886,BYR-0069,Reserved
ORD-00887,BYR-0098,Reserved
ORD-00888,BYR-0090,Reserved
ORD-00889,BYR-0078,Reserved
ORD-00890,BYR-0028,Reserved
ORD-00891,BYR-0009,Reserved
ORD-00892,BYR-0071,Reserved
ORD-00893,BYR-0049,Reserved
ORD-00894,BYR-0078,Reserved
ORD-00895,BYR-0020,Reserved
ORD-00896,BYR-0066,Reserved
ORD-00897,BYR-0075,Reserved
ORD-00898,BYR-0062,Reserved
ORD-00899,BYR-0023,Reserved
ORD-00900,BYR-0066,Reserved
ORD-00901,BYR-0036,Reserved
ORD-00902,BYR-0043,Reserved
ORD-00903,BYR-0040,Reserved
ORD-00904,BYR-0007,Reserved
ORD-00905,BYR-0085,Reserved
ORD-00906,BYR-0013,Reserved
ORD-00907,BYR-0066,Reserved
ORD-00908,BYR-0018,Reserved
ORD-00909,BYR-0022,Reserved
ORD-00910,BYR-0093,Reserved
ORD-00911,BYR-0097,Reserved
ORD-00912,BYR-0062,Reserved
ORD-00913,BYR-0021,Reserved
ORD-00914,BYR-0001,Reserved
ORD-00915,BYR-0007,Reserved
ORD-00916,BYR-0023,Reserved
ORD-00917,BYR-0071,Reserved
ORD-00918,BYR-0028,Reserved
ORD-00919,BYR-0079,Reserved
ORD-00920,BYR-0038,Reserved
ORD-00921,BYR-0069,Reserved
ORD-00922,BYR-0017,Reserved
ORD-00923,BYR-0081,Reserved
ORD-00924,BYR-0030,Reserved
ORD-00925,BYR-0018,Reserved
ORD-00926,BYR-0085,Reserved
ORD-00927,BYR-0020,Reserved
ORD-00928,BYR-0008,Reserved
ORD-00929,BYR-0033,Reserved
ORD-00930,BYR-0012,Reserved
ORD-00931,BYR-0036,Reserved
ORD-00932,BYR-0036,Reserved
ORD-00933,BYR-0063,Reserved
ORD-00934,BYR-0036,Reserved
ORD-00935,BYR-0084,Reserved
ORD-00936,BYR-0028,Reserved
ORD-00937,BYR-0094,Reserved
ORD-00938,BYR-0017,Reserved
ORD-00939,BYR-0096,Reserved
ORD-00940,BYR-0068,Reserved
ORD-00941,BYR-0096,Reserved
ORD-00942,BYR-0015,Reserved
ORD-00943,BYR-0009,Reserved
ORD-00944,BYR-0054,Reserved
ORD-00945,BYR-0047,Reserved
ORD-00946,BYR-0074,Reserved
ORD-00947,BYR-0078,Reserved
ORD-00948,BYR-0091,Reserved
ORD-00949,BYR-0026,Reserved
ORD-00950,BYR-0090,Reserved
ORD-00951,BYR-0002,Reserved
ORD-00952,BYR-0087,Reserved
ORD-00953,BYR-0017,Reserved
ORD-00954,BYR-0095,Reserved
ORD-00955,BYR-0081,Reserved
ORD-00956,BYR-0095,Reserved
ORD-00957,BYR-0002,Reserved
ORD-00958,BYR-0017,Reserved
ORD-00959,BYR-0005,Reserved
ORD-00960,BYR-0082,Reserved
ORD-00961,BYR-0027,Reserved
ORD-00962,BYR-0007,Reserved
ORD-00963,BYR-0036,Reserved
ORD-00964,BYR-0092,Reserved
ORD-00965,BYR-0090,Reserved
ORD-00966,BYR-0020,Reserved
ORD-00967,BYR-0029,Reserved
ORD-00968,BYR-0017,Reserved
ORD-00969,BYR-0017,Reserved
ORD-00970,BYR-0092,Reserved
ORD-00971,BYR-0057,Reserved
ORD-00972,BYR-0064,Reserved
ORD-00973,BYR-0046,Reserved
ORD-00974,BYR-0017,Reserved
ORD-00975,BYR-0090,Reserved
ORD-00976,BYR-0014,Reserved
ORD-00977,BYR-0032,Reserved
ORD-00978,BYR-0048,Reserved
ORD-00979,BYR-0092,Reserved
ORD-00980,BYR-0025,Reserved
ORD-00981,BYR-0006,Reserved
ORD-00982,BYR-0100,Reserved
ORD-00983,BYR-0098,Reserved
ORD-00984,BYR-0017,Reserved
ORD-00985,BYR-0065,Reserved
ORD-00986,BYR-0012,Reserved
ORD-00987,BYR-0054,Reserved
ORD-00988,BYR-0043,Reserved
ORD-00989,BYR-0007,Reserved
ORD-00990,BYR-0053,Reserved
ORD-00991,BYR-0033,Reserved
ORD-00992,BYR-0051,Reserved
ORD-00993,BYR-0026,Reserved
ORD-00994,BYR-0001,Reserved
ORD-00995,BYR-0088,Reserved
ORD-00996,BYR-0008,Reserved
ORD-00997,BYR-0045,Reserved
ORD-00998,BYR-0092,Reserved
ORD-00999,BYR-0077,Reserved
ORD-01000,BYR-0030,Reserved
ORD-01001,BYR-0057,Reserved
ORD-01002,BYR-0059,Reserved
ORD-01003,BYR-0059,Reserved
ORD-01004,BYR-0046,Reserved
ORD-01005,BYR-0051,Reserved
ORD-01006,BYR-0075,Reserved
ORD-01007,BYR-0013,Reserved
ORD-01008,BYR-0079,Reserved
ORD-01009,BYR-0069,Reserved
ORD-01010,BYR-0029,Reserved
ORD-01011,BYR-0017,Reserved
ORD-01012,BYR-0099,Reserved
ORD-01013,BYR-0010,Reserved
ORD-01014,BYR-0088,Reserved
ORD-01015,BYR-0003,Reserved
ORD-01016,BYR-0084,Reserved
ORD-01017,BYR-0021,Reserved
ORD-01018,BYR-0077,Reserved
ORD-01019,BYR-0012,Reserved
ORD-01020,BYR-0054,Reserved
ORD-01021,BYR-0088,Reserved
ORD-01022,BYR-0088,Reserved
ORD-01023,BYR-0096,Reserved
ORD-01024,BYR-0010,Reserved
ORD-01025,BYR-0061,Reserved
ORD-01026,BYR-0039,Reserved
ORD-01027,BYR-0049,Reserved
ORD-01028,BYR-0078,Reserved
ORD-01029,BYR-0006,Reserved
ORD-01030,BYR-0021,Reserved
ORD-01031,BYR-0075,Reserved
ORD-01032,BYR-0096,Reserved
ORD-01033,BYR-0068,Reserved
ORD-01034,BYR-0028,Reserved
ORD-01035,BYR-0016,Reserved
ORD-01036,BYR-0004,Reserved
ORD-01037,BYR-0034,Reserved
ORD-01038,BYR-0032,Reserved
ORD-01039,BYR-0095,Reserved
ORD-01040,BYR-0070,Reserved
ORD-01041,BYR-0036,Reserved
ORD-01042,BYR-0009,Reserved
ORD-01043,BYR-0080,Reserved
ORD-01044,BYR-0050,Reserved
ORD-01045,BYR-0051,Reserved
ORD-01046,BYR-0021,Reserved
ORD-01047,BYR-0020,Reserved
ORD-01048,BYR-0073,Reserved
ORD-01049,BYR-0011,Reserved
ORD-01050,BYR-0026,Reserved
ORD-01051,BYR-0016,Reserved
ORD-01052,BYR-0054,Reserved
ORD-01053,BYR-0063,Reserved
ORD-01054,BYR-0002,Reserved
ORD-01055,BYR-0065,Reserved
ORD-01056,BYR-0008,Reserved
ORD-01057,BYR-0047,Reserved
ORD-01058,BYR-0052,Reserved
ORD-01059,BYR-0072,Reserved
ORD-01060,BYR-0048,Reserved
ORD-01061,BYR-0054,Reserved
ORD-01062,BYR-0051,Reserved
ORD-01063,BYR-0059,Reserved
ORD-01064,BYR-0097,Reserved
ORD-01065,BYR-0006,Reserved
ORD-01066,BYR-0050,Reserved
ORD-01067,BYR-0030,Reserved
ORD-01068,BYR-0090,Reserved
ORD-01069,BYR-0051,Reserved
ORD-01070,BYR-0020,Reserved
ORD-01071,BYR-0011,Reserved
ORD-01072,BYR-0074,Reserved
ORD-01073,BYR-0066,Reserved
ORD-01074,BYR-0051,Reserved
ORD-01075,BYR-0047,Reserved
ORD-01076,BYR-0047,Reserved
ORD-01077,BYR-0008,Reserved
ORD-01078,BYR-0039,Reserved
ORD-01079,BYR-0075,Reserved
ORD-01080,BYR-0037,Reserved
ORD-01081,BYR-0100,Reserved
ORD-01082,BYR-0098,Reserved
ORD-01083,BYR-0033,Reserved
ORD-01084,BYR-0039,Reserved
ORD-01085,BYR-0084,Reserved
ORD-01086,BYR-0005,Reserved
ORD-01087,BYR-0057,Reserved
ORD-01088,BYR-0056,Reserved
ORD-01089,BYR-0051,Reserved
ORD-01090,BYR-0026,Reserved
ORD-01091,BYR-0088,Reserved
ORD-01092,BYR-0040,Reserved
ORD-01093,BYR-0078,Reserved
ORD-01094,BYR-0099,Reserved
ORD-01095,BYR-0025,Reserved
ORD-01096,BYR-0092,Reserved
ORD-01097,BYR-0029,Reserved
ORD-01098,BYR-0073,Reserved
ORD-01099,BYR-0054,Reserved
ORD-01100,BYR-0045,Reserved
ORD-01101,BYR-0002,Reserved
ORD-01102,BYR-0039,Reserved
ORD-01103,BYR-0083,Reserved
ORD-01104,BYR-0078,Reserved
ORD-01105,BYR-0049,Reserved
ORD-01106,BYR-0022,Reserved
ORD-01107,BYR-0059,Reserved
ORD-01108,BYR-0025,Reserved
ORD-01109,BYR-0017,Reserved
ORD-01110,BYR-0022,Reserved
ORD-01111,BYR-0050,Reserved
ORD-01112,BYR-0018,Reserved
ORD-01113,BYR-0056,Reserved
ORD-01114,BYR-0016,Reserved
ORD-01115,BYR-0012,Reserved
ORD-01116,BYR-0038,Reserved
ORD-01117,BYR-0019,Reserved
ORD-01118,BYR-0033,Reserved
ORD-01119,BYR-0028,Reserved
ORD-01120,BYR-0053,Reserved
ORD-01121,BYR-0086,Reserved
ORD-01122,BYR-0018,Reserved
ORD-01123,BYR-0095,Reserved
ORD-01124,BYR-0044,Reserved
ORD-01125,BYR-0084,Reserved
ORD-01126,BYR-0072,Reserved
ORD-01127,BYR-0090,Reserved
ORD-01128,BYR-0042,Reserved
ORD-01129,BYR-0035,Reserved
ORD-01130,BYR-0087,Reserved
ORD-01131,BYR-0020,Reserved
ORD-01132,BYR-0013,Reserved
ORD-01133,BYR-0087,Reserved
ORD-01134,BYR-0066,Reserved
ORD-01135,BYR-0066,Reserved
ORD-01136,BYR-0082,Reserved
ORD-01137,BYR-0006,Reserved
ORD-01138,BYR-0069,Reserved
ORD-01139,BYR-0095,Reserved
ORD-01140,BYR-0064,Reserved
ORD-01141,BYR-0077,Reserved
ORD-01142,BYR-0088,Reserved
ORD-01143,BYR-0080,Reserved
ORD-01144,BYR-0013,Reserved
ORD-01145,BYR-0095,Reserved
ORD-01146,BYR-0080,Reserved
ORD-01147,BYR-0053,Reserved
ORD-01148,BYR-0019,Reserved
ORD-01149,BYR-0082,Reserved
ORD-01150,BYR-0031,Reserved
ORD-01151,BYR-0093,Reserved
ORD-01152,BYR-0040,Reserved
ORD-01153,BYR-0092,Reserved
ORD-01154,BYR-0011,Reserved
ORD-01155,BYR-0085,Reserved
ORD-01156,BYR-0077,Reserved
ORD-01157,BYR-0074,Reserved
ORD-01158,BYR-0088,Reserved
ORD-01159,BYR-0049,Reserved
ORD-01160,BYR-0034,Reserved
ORD-01161,BYR-0029,Reserved
ORD-01162,BYR-0026,Reserved
ORD-01163,BYR-0072,Reserved
ORD-01164,BYR-0044,Reserved
ORD-01165,BYR-0031,Reserved
ORD-01166,BYR-0018,Reserved
ORD-01167,BYR-0093,Reserved
ORD-01168,BYR-0037,Reserved
ORD-01169,BYR-0059,Reserved
ORD-01170,BYR-0024,Reserved
ORD-01171,BYR-0047,Reserved
ORD-01172,BYR-0086,Reserved
ORD-01173,BYR-0008,Reserved
ORD-01174,BYR-0047,Reserved
ORD-01175,BYR-0069,Reserved
ORD-01176,BYR-0031,Reserved
ORD-01177,BYR-0029,Reserved
ORD-01178,BYR-0032,Reserved
ORD-01179,BYR-0034,Reserved
ORD-01180,BYR-0026,Reserved
ORD-01181,BYR-0005,Reserved
ORD-01182,BYR-0089,Reserved
ORD-01183,BYR-0031,Reserved
ORD-01184,BYR-0010,Reserved
ORD-01185,BYR-0011,Reserved
ORD-01186,BYR-0091,Reserved
ORD-01187,BYR-0047,Reserved
ORD-01188,BYR-0086,Reserved
ORD-01189,BYR-0068,Reserved
ORD-01190,BYR-0064,Reserved
ORD-01191,BYR-0052,Reserved
ORD-01192,BYR-0004,Reserved
ORD-01193,BYR-0048,Reserved
ORD-01194,BYR-0093,Reserved
ORD-01195,BYR-0035,Reserved
ORD-01196,BYR-0048,Reserved
ORD-01197,BYR-0060,Reserved
ORD-01198,BYR-0100,Reserved
ORD-01199,BYR-0094,Reserved
ORD-01200,BYR-0050,Reserved
ORD-01201,BYR-0089,Reserved
ORD-01202,BYR-0073,Reserved
ORD-01203,BYR-0087,Reserved
ORD-01204,BYR-0035,Reserved
ORD-01205,BYR-0064,Reserved
ORD-01206,BYR-0043,Reserved
ORD-01207,BYR-0059,Reserved
ORD-01208,BYR-0052,Reserved
ORD-01209,BYR-0076,Reserved
ORD-01210,BYR-0092,Reserved
ORD-01211,BYR-0093,Reserved
ORD-01212,BYR-0035,Reserved
ORD-01213,BYR-0093,Reserved
ORD-01214,BYR-0099,Reserved
ORD-01215,BYR-0082,Reserved
ORD-01216,BYR-0043,Reserved
ORD-01217,BYR-0026,Reserved
ORD-01218,BYR-0047,Reserved
ORD-01219,BYR-0031,Reserved
ORD-01220,BYR-0056,Reserved
ORD-01221,BYR-0048,Reserved
ORD-01222,BYR-0073,Reserved
ORD-01223,BYR-0061,Reserved
ORD-01224,BYR-0035,Reserved
ORD-01225,BYR-0051,Reserved
ORD-01226,BYR-0050,Reserved
ORD-01227,BYR-0094,Reserved
ORD-01228,BYR-0077,Reserved
ORD-01229,BYR-0100,Reserved
ORD-01230,BYR-0065,Reserved
ORD-01231,BYR-0049,Reserved
ORD-01232,BYR-0009,Reserved
ORD-01233,BYR-0056,Reserved
ORD-01234,BYR-0027,Reserved
ORD-01235,BYR-0036,Reserved
ORD-01236,BYR-0017,Reserved
ORD-01237,BYR-0011,Reserved
ORD-01238,BYR-0023,Reserved
ORD-01239,BYR-0044,Reserved
ORD-01240,BYR-0037,Reserved
ORD-01241,BYR-0048,Reserved
ORD-01242,BYR-0003,Reserved
ORD-01243,BYR-0069,Reserved
ORD-01244,BYR-0090,Reserved
ORD-01245,BYR-0002,Reserved
ORD-01246,BYR-0074,Reserved
ORD-01247,BYR-0043,Reserved
ORD-01248,BYR-0080,Reserved
ORD-01249,BYR-0040,Reserved
ORD-01250,BYR-0066,Reserved
ORD-01251,BYR-0012,Reserved
ORD-01252,BYR-0044,Reserved
ORD-01253,BYR-0024,Reserved
ORD-01254,BYR-0098,Reserved
ORD-01255,BYR-0052,Reserved
ORD-01256,BYR-0077,Reserved
ORD-01257,BYR-0019,Reserved
ORD-01258,BYR-0042,Reserved
ORD-01259,BYR-0048,Reserved
ORD-01260,BYR-0074,Reserved
ORD-01261,BYR-0049,Reserved
ORD-01262,BYR-0051,Reserved
ORD-01263,BYR-0039,Reserved
ORD-01264,BYR-0058,Reserved
ORD-01265,BYR-0024,Reserved
ORD-01266,BYR-0015,Reserved
ORD-01267,BYR-0031,Reserved
ORD-01268,BYR-0002,Reserved
ORD-01269,BYR-0059,Reserved
ORD-01270,BYR-0036,Reserved
ORD-01271,BYR-0018,Reserved
ORD-01272,BYR-0031,Reserved
ORD-01273,BYR-0048,Reserved
ORD-01274,BYR-0100,Reserved
ORD-01275,BYR-0092,Reserved
ORD-01276,BYR-0076,Reserved
ORD-01277,BYR-0016,Reserved
ORD-01278,BYR-0035,Reserved
ORD-01279,BYR-0024,Reserved
ORD-01280,BYR-0050,Reserved
ORD-01281,BYR-0016,Reserved
ORD-01282,BYR-0037,Reserved
ORD-01283,BYR-0007,Reserved
ORD-01284,BYR-0086,Reserved
ORD-01285,BYR-0034,Reserved
ORD-01286,BYR-0084,Reserved
ORD-01287,BYR-0070,Reserved
ORD-01288,BYR-0075,Reserved
ORD-01289,BYR-0026,Reserved
ORD-01290,BYR-0032,Reserved
ORD-01291,BYR-0021,Reserved
ORD-01292,BYR-0054,Reserved
ORD-01293,BYR-0015,Reserved
ORD-01294,BYR-0039,Reserved
ORD-01295,BYR-0100,Reserved
ORD-01296,BYR-0041,Reserved
ORD-01297,BYR-0040,Reserved
ORD-01298,BYR-0028,Reserved
ORD-01299,BYR-0092,Reserved
ORD-01300,BYR-0008,Reserved
ORD-01301,BYR-0058,Reserved
ORD-01302,BYR-0073,Reserved
ORD-01303,BYR-0053,Reserved
ORD-01304,BYR-0029,Reserved
ORD-01305,BYR-0085,Reserved
ORD-01306,BYR-0099,Reserved
ORD-01307,BYR-0059,Reserved
ORD-01308,BYR-0029,Reserved
ORD-01309,BYR-0014,Reserved
ORD-01310,BYR-0088,Reserved
ORD-01311,BYR-0003,Reserved
ORD-01312,BYR-0004,Reserved
ORD-01313,BYR-0069,Reserved
ORD-01314,BYR-0083,Reserved
ORD-01315,BYR-0088,Reserved
ORD-01316,BYR-0094,Reserved
ORD-01317,BYR-0016,Reserved
ORD-01318,BYR-0064,Reserved
ORD-01319,BYR-0068,Reserved
ORD-01320,BYR-0046,Reserved
ORD-01321,BYR-0022,Reserved
ORD-01322,BYR-0019,Reserved
ORD-01323,BYR-0016,Reserved
ORD-01324,BYR-0011,Reserved
ORD-01325,BYR-0048,Reserved
ORD-01326,BYR-0094,Reserved
ORD-01327,BYR-0071,Reserved
ORD-01328,BYR-0058,Reserved
ORD-01329,BYR-0012,Reserved
ORD-01330,BYR-0072,Reserved
ORD-01331,BYR-0036,Reserved
ORD-01332,BYR-0041,Reserved
ORD-01333,BYR-0021,Reserved
ORD-01334,BYR-0027,Reserved
ORD-01335,BYR-0047,Reserved
ORD-01336,BYR-0085,Reserved
ORD-01337,BYR-0036,Reserved
ORD-01338,BYR-0095,Reserved
ORD-01339,BYR-0023,Reserved
ORD-01340,BYR-0056,Reserved
ORD-01341,BYR-0065,Reserved
ORD-01342,BYR-0059,Reserved
ORD-01343,BYR-0034,Reserved
ORD-01344,BYR-0035,Reserved
ORD-01345,BYR-0088,Reserved
ORD-01346,BYR-0084,Reserved
ORD-01347,BYR-0087,Reserved
ORD-01348,BYR-0064,Reserved
ORD-01349,BYR-0007,Reserved
ORD-01350,BYR-0015,Reserved
ORD-01351,BYR-0064,Reserved
ORD-01352,BYR-0025,Reserved
ORD-01353,BYR-0083,Reserved
ORD-01354,BYR-0021,Reserved
ORD-01355,BYR-0083,Reserved
ORD-01356,BYR-0087,Reserved
ORD-01357,BYR-0004,Reserved
ORD-01358,BYR-0089,Reserved
ORD-01359,BYR-0068,Reserved
ORD-01360,BYR-0053,Reserved
ORD-01361,BYR-0044,Reserved
ORD-01362,BYR-0095,Reserved
ORD-01363,BYR-0019,Reserved
ORD-01364,BYR-0029,Reserved
ORD-01365,BYR-0057,Reserved
ORD-01366,BYR-0060,Reserved
ORD-01367,BYR-0058,Reserved
ORD-01368,BYR-0017,Reserved
ORD-01369,BYR-0074,Reserved
ORD-01370,BYR-0056,Reserved
ORD-01371,BYR-0052,Reserved
ORD-01372,BYR-0088,Reserved
ORD-01373,BYR-0042,Reserved
ORD-01374,BYR-0053,Reserved
ORD-01375,BYR-0025,Reserved
ORD-01376,BYR-0025,Reserved
ORD-01377,BYR-0060,Reserved
ORD-01378,BYR-0001,Reserved
ORD-01379,BYR-0015,Reserved
ORD-01380,BYR-0036,Reserved
ORD-01381,BYR-0008,Reserved
ORD-01382,BYR-0083,Reserved
ORD-01383,BYR-0006,Reserved
ORD-01384,BYR-0098,Reserved
ORD-01385,BYR-0081,Reserved
ORD-01386,BYR-0090,Reserved
ORD-01387,BYR-0046,Reserved
ORD-01388,BYR-0020,Reserved
ORD-01389,BYR-0057,Reserved
ORD-01390,BYR-0069,Reserved
ORD-01391,BYR-0009,Reserved
ORD-01392,BYR-0004,Reserved
ORD-01393,BYR-0048,Reserved
ORD-01394,BYR-0042,Reserved
ORD-01395,BYR-0084,Reserved
ORD-01396,BYR-0067,Reserved
ORD-01397,BYR-0085,Reserved
ORD-01398,BYR-0006,Reserved
ORD-01399,BYR-0005,Reserved
ORD-01400,BYR-0004,Reserved
ORD-01401,BYR-0020,Reserved
ORD-01402,BYR-0062,Reserved
ORD-01403,BYR-0088,Reserved
ORD-01404,BYR-0023,Reserved
ORD-01405,BYR-0094,Reserved
ORD-01406,BYR-0017,Reserved
ORD-01407,BYR-0009,Reserved
ORD-01408,BYR-0040,Reserved
ORD-01409,BYR-0024,Reserved
ORD-01410,BYR-0041,Reserved
ORD-01411,BYR-0060,Reserved
ORD-01412,BYR-0085,Reserved
ORD-01413,BYR-0025,Reserved
ORD-01414,BYR-0016,Reserved
ORD-01415,BYR-0055,Reserved
ORD-01416,BYR-0004,Reserved
ORD-01417,BYR-0078,Reserved
ORD-01418,BYR-0039,Reserved
ORD-01419,BYR-0030,Reserved
ORD-01420,BYR-0074,Reserved
ORD-01421,BYR-0089,Reserved
ORD-01422,BYR-0016,Reserved
ORD-01423,BYR-0099,Reserved
ORD-01424,BYR-0028,Reserved
ORD-01425,BYR-0098,Reserved
ORD-01426,BYR-0051,Reserved
ORD-01427,BYR-0068,Reserved
ORD-01428,BYR-0081,Reserved
ORD-01429,BYR-0089,Reserved
ORD-01430,BYR-0012,Reserved
ORD-01431,BYR-0064,Reserved
ORD-01432,BYR-0022,Reserved
ORD-01433,BYR-0005,Reserved
ORD-01434,BYR-0026,Reserved
ORD-01435,BYR-0016,Reserved
ORD-01436,BYR-0026,Reserved
ORD-01437,BYR-0049,Reserved
ORD-01438,BYR-0080,Reserved
ORD-01439,BYR-0045,Reserved
ORD-01440,BYR-0045,Reserved
ORD-01441,BYR-0091,Reserved
ORD-01442,BYR-0020,Reserved
ORD-01443,BYR-0067,Reserved
ORD-01444,BYR-0100,Reserved
ORD-01445,BYR-0051,Reserved
ORD-01446,BYR-0023,Reserved
ORD-01447,BYR-0093,Reserved
ORD-01448,BYR-0004,Reserved
ORD-01449,BYR-0077,Reserved
ORD-01450,BYR-0083,Reserved
ORD-01451,BYR-0024,Reserved
ORD-01452,BYR-0074,Reserved
ORD-01453,BYR-0093,Reserved
ORD-01454,BYR-0081,Reserved
ORD-01455,BYR-0063,Reserved
ORD-01456,BYR-0032,Reserved
ORD-01457,BYR-0045,Reserved
ORD-01458,BYR-0017,Reserved
ORD-01459,BYR-0093,Reserved
ORD-01460,BYR-0048,Reserved
ORD-01461,BYR-0079,Reserved
ORD-01462,BYR-0046,Reserved
ORD-01463,BYR-0085,Reserved
ORD-01464,BYR-0088,Reserved
ORD-01465,BYR-0028,Reserved
ORD-01466,BYR-0031,Reserved
ORD-01467,BYR-0019,Reserved
ORD-01468,BYR-0022,Reserved
ORD-01469,BYR-0020,Reserved
ORD-01470,BYR-0082,Reserved
ORD-01471,BYR-0089,Reserved
ORD-01472,BYR-0099,Reserved
ORD-01473,BYR-0057,Reserved
ORD-01474,BYR-0030,Reserved
ORD-01475,BYR-0090,Reserved
ORD-01476,BYR-0079,Reserved
ORD-01477,BYR-0025,Reserved
ORD-01478,BYR-0067,Reserved
ORD-01479,BYR-0078,Reserved
ORD-01480,BYR-0078,Reserved
ORD-01481,BYR-0023,Reserved
ORD-01482,BYR-0001,Reserved
ORD-01483,BYR-0037,Reserved
ORD-01484,BYR-0047,Reserved
ORD-01485,BYR-0061,Reserved
ORD-01486,BYR-0089,Reserved
ORD-01487,BYR-0089,Reserved
ORD-01488,BYR-0029,Reserved
ORD-01489,BYR-0046,Reserved
ORD-01490,BYR-0029,Reserved
ORD-01491,BYR-0017,Reserved
ORD-01492,BYR-0030,Reserved
ORD-01493,BYR-0055,Reserved
ORD-01494,BYR-0055,Reserved
ORD-01495,BYR-0012,Reserved
ORD-01496,BYR-0065,Reserved
ORD-01497,BYR-0045,Reserved
ORD-01498,BYR-0005,Reserved
ORD-01499,BYR-0061,Reserved
ORD-01500,BYR-0051,Reserved
ORD-01501,BYR-0012,Reserved
ORD-01502,BYR-0007,Reserved
ORD-01503,BYR-0071,Reserved
ORD-01504,BYR-0059,Reserved
ORD-01505,BYR-0006,Reserved
ORD-01506,BYR-0066,Reserved
ORD-01507,BYR-0024,Reserved
ORD-01508,BYR-0050,Reserved
ORD-01509,BYR-0078,Reserved
ORD-01510,BYR-0064,Reserved
ORD-01511,BYR-0016,Reserved
ORD-01512,BYR-0098,Reserved
ORD-01513,BYR-0065,Reserved
ORD-01514,BYR-0021,Reserved
ORD-01515,BYR-0026,Reserved
ORD-01516,BYR-0049,Reserved
ORD-01517,BYR-0005,Reserved
ORD-01518,BYR-0013,Reserved
ORD-01519,BYR-0002,Reserved
ORD-01520,BYR-0063,Reserved
ORD-01521,BYR-0016,Reserved
ORD-01522,BYR-0020,Reserved
ORD-01523,BYR-0051,Reserved
ORD-01524,BYR-0013,Reserved
ORD-01525,BYR-0046,Reserved
ORD-01526,BYR-0083,Reserved
ORD-01527,BYR-0071,Reserved
ORD-01528,BYR-0029,Reserved
ORD-01529,BYR-0072,Reserved
ORD-01530,BYR-0087,Reserved
ORD-01531,BYR-0072,Reserved
ORD-01532,BYR-0081,Reserved
ORD-01533,BYR-0024,Reserved
ORD-01534,BYR-0091,Reserved
ORD-01535,BYR-0012,Reserved
ORD-01536,BYR-0064,Reserved
ORD-01537,BYR-0086,Reserved
ORD-01538,BYR-0081,Reserved
ORD-01539,BYR-0056,Reserved
ORD-01540,BYR-0091,Reserved
ORD-01541,BYR-0098,Reserved
ORD-01542,BYR-0034,Reserved
ORD-01543,BYR-0069,Reserved
ORD-01544,BYR-0034,Reserved
ORD-01545,BYR-0100,Reserved
ORD-01546,BYR-0052,Reserved
ORD-01547,BYR-0062,Reserved
ORD-01548,BYR-0026,Reserved
ORD-01549,BYR-0042,Reserved
ORD-01550,BYR-0057,Reserved
ORD-01551,BYR-0097,Reserved
ORD-01552,BYR-0034,Reserved
ORD-01553,BYR-0017,Reserved
ORD-01554,BYR-0019,Reserved
ORD-01555,BYR-0027,Reserved
ORD-01556,BYR-0028,Reserved
ORD-01557,BYR-0089,Reserved
ORD-01558,BYR-0020,Reserved
ORD-01559,BYR-0019,Reserved
ORD-01560,BYR-0021,Reserved
ORD-01561,BYR-0092,Reserved
ORD-01562,BYR-0066,Reserved
ORD-01563,BYR-0003,Reserved
ORD-01564,BYR-0082,Reserved
ORD-01565,BYR-0014,Reserved
ORD-01566,BYR-0097,Reserved
ORD-01567,BYR-0078,Reserved
ORD-01568,BYR-0038,Reserved
ORD-01569,BYR-0033,Reserved
ORD-01570,BYR-0020,Reserved
ORD-01571,BYR-0045,Reserved
ORD-01572,BYR-0072,Reserved
ORD-01573,BYR-0086,Reserved
ORD-01574,BYR-0095,Reserved
ORD-01575,BYR-0073,Reserved
ORD-01576,BYR-0020,Reserved
ORD-01577,BYR-0092,Reserved
ORD-01578,BYR-0086,Reserved
ORD-01579,BYR-0088,Reserved
ORD-01580,BYR-0081,Reserved
ORD-01581,BYR-0024,Reserved
ORD-01582,BYR-0023,Reserved
ORD-01583,BYR-0094,Reserved
ORD-01584,BYR-0046,Reserved
ORD-01585,BYR-0052,Reserved
ORD-01586,BYR-0008,Reserved
ORD-01587,BYR-0049,Reserved
ORD-01588,BYR-0024,Reserved
ORD-01589,BYR-0080,Reserved
ORD-01590,BYR-0044,Reserved
ORD-01591,BYR-0028,Reserved
ORD-01592,BYR-0048,Reserved
ORD-01593,BYR-0084,Reserved
ORD-01594,BYR-0007,Reserved
ORD-01595,BYR-0050,Reserved
ORD-01596,BYR-0032,Reserved
ORD-01597,BYR-0082,Reserved
ORD-01598,BYR-0093,Reserved
ORD-01599,BYR-0062,Reserved
ORD-01600,BYR-0032,Reserved
ORD-01601,BYR-0009,Reserved
ORD-01602,BYR-0083,Reserved
ORD-01603,BYR-0015,Reserved
ORD-01604,BYR-0069,Reserved
ORD-01605,BYR-0008,Reserved
ORD-01606,BYR-0035,Reserved
ORD-01607,BYR-0051,Reserved
ORD-01608,BYR-0088,Reserved
ORD-01609,BYR-0063,Reserved
ORD-01610,BYR-0036,Reserved
ORD-01611,BYR-0014,Reserved
ORD-01612,BYR-0031,Reserved
ORD-01613,BYR-0001,Reserved
ORD-01614,BYR-0063,Reserved
ORD-01615,BYR-0086,Reserved
ORD-01616,BYR-0041,Reserved
ORD-01617,BYR-0030,Reserved
ORD-01618,BYR-0072,Reserved
ORD-01619,BYR-0040,Reserved
ORD-01620,BYR-0099,Reserved
ORD-01621,BYR-0016,Reserved
ORD-01622,BYR-0084,Reserved
ORD-01623,BYR-0072,Reserved
ORD-01624,BYR-0042,Reserved
ORD-01625,BYR-0020,Reserved
ORD-01626,BYR-0002,Reserved
ORD-01627,BYR-0085,Reserved
ORD-01628,BYR-0010,Reserved
ORD-01629,BYR-0029,Reserved
ORD-01630,BYR-0100,Reserved
ORD-01631,BYR-0050,Reserved
ORD-01632,BYR-0023,Reserved
ORD-01633,BYR-0052,Reserved
ORD-01634,BYR-0085,Reserved
ORD-01635,BYR-0008,Reserved
ORD-01636,BYR-0066,Reserved
ORD-01637,BYR-0037,Reserved
ORD-01638,BYR-0085,Reserved
ORD-01639,BYR-0052,Reserved
ORD-01640,BYR-0030,Reserved
ORD-01641,BYR-0074,Reserved
ORD-01642,BYR-0093,Reserved
ORD-01643,BYR-0061,Reserved
ORD-01644,BYR-0085,Reserved
ORD-01645,BYR-0047,Reserved
ORD-01646,BYR-0050,Reserved
ORD-01647,BYR-0009,Reserved
ORD-01648,BYR-0041,Reserved
ORD-01649,BYR-0094,Reserved
ORD-01650,BYR-0036,Reserved
ORD-01651,BYR-0061,Reserved
ORD-01652,BYR-0006,Reserved
ORD-01653,BYR-0047,Reserved
ORD-01654,BYR-0041,Reserved
ORD-01655,BYR-0033,Reserved
ORD-01656,BYR-0073,Reserved
ORD-01657,BYR-0010,Reserved
ORD-01658,BYR-0023,Reserved
ORD-01659,BYR-0081,Reserved
ORD-01660,BYR-0085,Reserved
ORD-01661,BYR-0009,Reserved
ORD-01662,BYR-0048,Reserved
ORD-01663,BYR-0012,Reserved
ORD-01664,BYR-0055,Reserved
ORD-01665,BYR-0093,Reserved
ORD-01666,BYR-0035,Reserved
ORD-01667,BYR-0010,Reserved
ORD-01668,BYR-0010,Reserved
ORD-01669,BYR-0073,Reserved
ORD-01670,BYR-0099,Reserved
ORD-01671,BYR-0087,Reserved
ORD-01672,BYR-0044,Reserved
ORD-01673,BYR-0043,Reserved
ORD-01674,BYR-0055,Reserved
ORD-01675,BYR-0035,Reserved
ORD-01676,BYR-0003,Reserved
ORD-01677,BYR-0073,Reserved
ORD-01678,BYR-0086,Reserved
ORD-01679,BYR-0012,Reserved
ORD-01680,BYR-0074,Reserved
ORD-01681,BYR-0093,Reserved
ORD-01682,BYR-0049,Reserved
ORD-01683,BYR-0076,Reserved
ORD-01684,BYR-0028,Reserved
ORD-01685,BYR-0076,Reserved
ORD-01686,BYR-0042,Reserved
ORD-01687,BYR-0058,Reserved
ORD-01688,BYR-0071,Reserved
ORD-01689,BYR-0064,Reserved
ORD-01690,BYR-0046,Reserved
ORD-01691,BYR-0024,Reserved
ORD-01692,BYR-0008,Reserved
ORD-01693,BYR-0062,Reserved
ORD-01694,BYR-0001,Reserved
ORD-01695,BYR-0018,Reserved
ORD-01696,BYR-0003,Reserved
ORD-01697,BYR-0033,Reserved
ORD-01698,BYR-0022,Reserved
ORD-01699,BYR-0056,Reserved
ORD-01700,BYR-0021,Reserved
ORD-01701,BYR-0086,Reserved
ORD-01702,BYR-0002,Reserved
ORD-01703,BYR-0010,Reserved
ORD-01704,BYR-0080,Reserved
ORD-01705,BYR-0084,Reserved
ORD-01706,BYR-0064,Reserved
ORD-01707,BYR-0013,Reserved
ORD-01708,BYR-0018,Reserved
ORD-01709,BYR-0094,Reserved
ORD-01710,BYR-0085,Reserved
ORD-01711,BYR-0012,Reserved
ORD-01712,BYR-0020,Reserved
ORD-01713,BYR-0040,Reserved
ORD-01714,BYR-0010,Reserved
ORD-01715,BYR-0026,Reserved
ORD-01716,BYR-0074,Reserved
ORD-01717,BYR-0032,Reserved
ORD-01718,BYR-0097,Reserved
ORD-01719,BYR-0092,Reserved
ORD-01720,BYR-0056,Reserved
ORD-01721,BYR-0080,Reserved
ORD-01722,BYR-0052,Reserved
ORD-01723,BYR-0060,Reserved
ORD-01724,BYR-0069,Reserved
ORD-01725,BYR-0073,Reserved
ORD-01726,BYR-0083,Reserved
ORD-01727,BYR-0059,Reserved
ORD-01728,BYR-0052,Reserved
ORD-01729,BYR-0005,Reserved
ORD-01730,BYR-0073,Reserved
ORD-01731,BYR-0067,Reserved
ORD-01732,BYR-0061,Reserved
ORD-01733,BYR-0028,Reserved
ORD-01734,BYR-0010,Reserved
ORD-01735,BYR-0022,Reserved
ORD-01736,BYR-0055,Reserved
ORD-01737,BYR-0063,Reserved
ORD-01738,BYR-0062,Reserved
ORD-01739,BYR-0030,Reserved
ORD-01740,BYR-0011,Reserved
ORD-01741,BYR-0078,Reserved
ORD-01742,BYR-0099,Reserved
ORD-01743,BYR-0024,Reserved
ORD-01744,BYR-0017,Reserved
ORD-01745,BYR-0057,Reserved
ORD-01746,BYR-0084,Reserved
ORD-01747,BYR-0050,Reserved
ORD-01748,BYR-0087,Reserved
ORD-01749,BYR-0098,Reserved
ORD-01750,BYR-0004,Reserved
ORD-01751,BYR-0059,Reserved
ORD-01752,BYR-0044,Reserved
ORD-01753,BYR-0090,Reserved
ORD-01754,BYR-0074,Reserved
ORD-01755,BYR-0068,Reserved
ORD-01756,BYR-0069,Reserved
ORD-01757,BYR-0080,Reserved
ORD-01758,BYR-0061,Reserved
ORD-01759,BYR-0084,Reserved
ORD-01760,BYR-0070,Reserved
ORD-01761,BYR-0054,Reserved
ORD-01762,BYR-0046,Reserved
ORD-01763,BYR-0031,Reserved
ORD-01764,BYR-0082,Reserved
ORD-01765,BYR-0027,Reserved
ORD-01766,BYR-0081,Reserved
ORD-01767,BYR-0088,Reserved
ORD-01768,BYR-0074,Reserved
ORD-01769,BYR-0090,Reserved
ORD-01770,BYR-0089,Reserved
ORD-01771,BYR-0040,Reserved
ORD-01772,BYR-0026,Reserved
ORD-01773,BYR-0015,Reserved
ORD-01774,BYR-0078,Reserved
ORD-01775,BYR-0012,Reserved
ORD-01776,BYR-0081,Reserved
ORD-01777,BYR-0099,Reserved
ORD-01778,BYR-0049,Reserved
ORD-01779,BYR-0043,Reserved
ORD-01780,BYR-0040,Reserved
ORD-01781,BYR-0025,Reserved
ORD-01782,BYR-0004,Reserved
ORD-01783,BYR-0066,Reserved
ORD-01784,BYR-0087,Reserved
ORD-01785,BYR-0093,Reserved
ORD-01786,BYR-0075,Reserved
ORD-01787,BYR-0082,Reserved
ORD-01788,BYR-0043,Reserved
ORD-01789,BYR-0024,Reserved
ORD-01790,BYR-0030,Reserved
ORD-01791,BYR-0016,Reserved
ORD-01792,BYR-0019,Reserved
ORD-01793,BYR-0006,Reserved
ORD-01794,BYR-0021,Reserved
ORD-01795,BYR-0016,Reserved
ORD-01796,BYR-0076,Reserved
ORD-01797,BYR-0009,Reserved
ORD-01798,BYR-0046,Reserved
ORD-01799,BYR-0004,Reserved
ORD-01800,BYR-0100,Reserved
